country,sex,year,scenario,pop_15_64_proj
BG,F,2024,BSL,2192820.0
BG,F,2024,HMIGR,2198639.0
BG,F,2024,LMIGR,2187015.0
BG,F,2025,BSL,2170614.0
BG,F,2025,HMIGR,2178558.0
BG,F,2025,LMIGR,2162671.0
BG,F,2026,BSL,2146344.0
BG,F,2026,HMIGR,2156274.0
BG,F,2026,LMIGR,2136408.0
BG,F,2027,BSL,2121828.0
BG,F,2027,HMIGR,2133594.0
BG,F,2027,LMIGR,2110061.0
BG,F,2028,BSL,2097885.0
BG,F,2028,HMIGR,2111331.0
BG,F,2028,LMIGR,2084448.0
BG,F,2029,BSL,2075059.0
BG,F,2029,HMIGR,2090173.0
BG,F,2029,LMIGR,2059940.0
BG,F,2030,BSL,2054336.0
BG,F,2030,HMIGR,2071144.0
BG,F,2030,LMIGR,2037533.0
BG,F,2031,BSL,2034909.0
BG,F,2031,HMIGR,2053417.0
BG,F,2031,LMIGR,2016407.0
BG,F,2032,BSL,2017258.0
BG,F,2032,HMIGR,2037457.0
BG,F,2032,LMIGR,1997050.0
BG,F,2033,BSL,1998937.0
BG,F,2033,HMIGR,2020856.0
BG,F,2033,LMIGR,1977020.0
BG,F,2034,BSL,1974908.0
BG,F,2034,HMIGR,1998546.0
BG,F,2034,LMIGR,1951276.0
BG,F,2035,BSL,1953133.0
BG,F,2035,HMIGR,1978624.0
BG,F,2035,LMIGR,1927646.0
BG,M,2024,BSL,2203604.0
BG,M,2024,HMIGR,2207692.0
BG,M,2024,LMIGR,2199519.0
BG,M,2025,BSL,2187719.0
BG,M,2025,HMIGR,2194616.0
BG,M,2025,LMIGR,2180815.0
BG,M,2026,BSL,2169200.0
BG,M,2026,HMIGR,2178711.0
BG,M,2026,LMIGR,2159682.0
BG,M,2027,BSL,2150030.0
BG,M,2027,HMIGR,2161954.0
BG,M,2027,LMIGR,2138113.0
BG,M,2028,BSL,2131077.0
BG,M,2028,HMIGR,2145194.0
BG,M,2028,LMIGR,2116961.0
BG,M,2029,BSL,2111325.0
BG,M,2029,HMIGR,2127616.0
BG,M,2029,LMIGR,2095042.0
BG,M,2030,BSL,2093812.0
BG,M,2030,HMIGR,2112251.0
BG,M,2030,LMIGR,2075373.0
BG,M,2031,BSL,2077272.0
BG,M,2031,HMIGR,2097855.0
BG,M,2031,LMIGR,2056694.0
BG,M,2032,BSL,2061110.0
BG,M,2032,HMIGR,2083818.0
BG,M,2032,LMIGR,2038409.0
BG,M,2033,BSL,2044269.0
BG,M,2033,HMIGR,2069088.0
BG,M,2033,LMIGR,2019449.0
BG,M,2034,BSL,2022469.0
BG,M,2034,HMIGR,2049387.0
BG,M,2034,LMIGR,1995553.0
BG,M,2035,BSL,2000492.0
BG,M,2035,HMIGR,2029562.0
BG,M,2035,LMIGR,1971430.0
CH,F,2024,BSL,2882105.0
CH,F,2024,HMIGR,2890499.0
CH,F,2024,LMIGR,2873814.0
CH,F,2025,BSL,2881083.0
CH,F,2025,HMIGR,2896257.0
CH,F,2025,LMIGR,2866470.0
CH,F,2026,BSL,2881164.0
CH,F,2026,HMIGR,2903270.0
CH,F,2026,LMIGR,2860198.0
CH,F,2027,BSL,2880467.0
CH,F,2027,HMIGR,2909481.0
CH,F,2027,LMIGR,2853113.0
CH,F,2028,BSL,2879737.0
CH,F,2028,HMIGR,2915711.0
CH,F,2028,LMIGR,2845952.0
CH,F,2029,BSL,2876838.0
CH,F,2029,HMIGR,2919557.0
CH,F,2029,LMIGR,2836639.0
CH,F,2030,BSL,2873235.0
CH,F,2030,HMIGR,2922621.0
CH,F,2030,LMIGR,2826637.0
CH,F,2031,BSL,2870822.0
CH,F,2031,HMIGR,2926952.0
CH,F,2031,LMIGR,2817836.0
CH,F,2032,BSL,2869061.0
CH,F,2032,HMIGR,2931975.0
CH,F,2032,LMIGR,2809710.0
CH,F,2033,BSL,2867415.0
CH,F,2033,HMIGR,2937097.0
CH,F,2033,LMIGR,2801727.0
CH,F,2034,BSL,2866050.0
CH,F,2034,HMIGR,2942496.0
CH,F,2034,LMIGR,2794043.0
CH,F,2035,BSL,2865948.0
CH,F,2035,HMIGR,2949296.0
CH,F,2035,LMIGR,2787614.0
CH,M,2024,BSL,2929484.0
CH,M,2024,HMIGR,2936090.0
CH,M,2024,LMIGR,2923082.0
CH,M,2025,BSL,2930357.0
CH,M,2025,HMIGR,2942986.0
CH,M,2025,LMIGR,2918341.0
CH,M,2026,BSL,2931578.0
CH,M,2026,HMIGR,2950260.0
CH,M,2026,LMIGR,2913891.0
CH,M,2027,BSL,2932622.0
CH,M,2027,HMIGR,2957402.0
CH,M,2027,LMIGR,2909246.0
CH,M,2028,BSL,2933329.0
CH,M,2028,HMIGR,2964236.0
CH,M,2028,LMIGR,2904270.0
CH,M,2029,BSL,2931433.0
CH,M,2029,HMIGR,2968271.0
CH,M,2029,LMIGR,2896769.0
CH,M,2030,BSL,2928551.0
CH,M,2030,HMIGR,2971199.0
CH,M,2030,LMIGR,2888314.0
CH,M,2031,BSL,2926514.0
CH,M,2031,HMIGR,2975017.0
CH,M,2031,LMIGR,2880734.0
CH,M,2032,BSL,2924933.0
CH,M,2032,HMIGR,2979286.0
CH,M,2032,LMIGR,2873643.0
CH,M,2033,BSL,2924034.0
CH,M,2033,HMIGR,2984262.0
CH,M,2033,LMIGR,2867262.0
CH,M,2034,BSL,2923814.0
CH,M,2034,HMIGR,2989939.0
CH,M,2034,LMIGR,2861597.0
CH,M,2035,BSL,2924203.0
CH,M,2035,HMIGR,2996235.0
CH,M,2035,LMIGR,2856519.0
CZ,F,2024,BSL,3484418.0
CZ,F,2024,HMIGR,3498944.0
CZ,F,2024,LMIGR,3469891.0
CZ,F,2025,BSL,3467510.0
CZ,F,2025,HMIGR,3485104.0
CZ,F,2025,LMIGR,3449914.0
CZ,F,2026,BSL,3450978.0
CZ,F,2026,HMIGR,3471674.0
CZ,F,2026,LMIGR,3430283.0
CZ,F,2027,BSL,3430909.0
CZ,F,2027,HMIGR,3454771.0
CZ,F,2027,LMIGR,3407038.0
CZ,F,2028,BSL,3410492.0
CZ,F,2028,HMIGR,3437583.0
CZ,F,2028,LMIGR,3383406.0
CZ,F,2029,BSL,3385188.0
CZ,F,2029,HMIGR,3415578.0
CZ,F,2029,LMIGR,3354798.0
CZ,F,2030,BSL,3361309.0
CZ,F,2030,HMIGR,3395112.0
CZ,F,2030,LMIGR,3327512.0
CZ,F,2031,BSL,3341707.0
CZ,F,2031,HMIGR,3379008.0
CZ,F,2031,LMIGR,3304405.0
CZ,F,2032,BSL,3326830.0
CZ,F,2032,HMIGR,3367695.0
CZ,F,2032,LMIGR,3285961.0
CZ,F,2033,BSL,3314068.0
CZ,F,2033,HMIGR,3358578.0
CZ,F,2033,LMIGR,3269549.0
CZ,F,2034,BSL,3302373.0
CZ,F,2034,HMIGR,3350575.0
CZ,F,2034,LMIGR,3254170.0
CZ,F,2035,BSL,3295203.0
CZ,F,2035,HMIGR,3347494.0
CZ,F,2035,LMIGR,3242922.0
CZ,M,2024,BSL,3536459.0
CZ,M,2024,HMIGR,3548015.0
CZ,M,2024,LMIGR,3524904.0
CZ,M,2025,BSL,3539256.0
CZ,M,2025,HMIGR,3557071.0
CZ,M,2025,LMIGR,3521739.0
CZ,M,2026,BSL,3540534.0
CZ,M,2026,HMIGR,3564522.0
CZ,M,2026,LMIGR,3517283.0
CZ,M,2027,BSL,3536553.0
CZ,M,2027,HMIGR,3566307.0
CZ,M,2027,LMIGR,3507697.0
CZ,M,2028,BSL,3530047.0
CZ,M,2028,HMIGR,3565361.0
CZ,M,2028,LMIGR,3495637.0
CZ,M,2029,BSL,3517723.0
CZ,M,2029,HMIGR,3558598.0
CZ,M,2029,LMIGR,3477750.0
CZ,M,2030,BSL,3505174.0
CZ,M,2030,HMIGR,3551630.0
CZ,M,2030,LMIGR,3459623.0
CZ,M,2031,BSL,3496190.0
CZ,M,2031,HMIGR,3548233.0
CZ,M,2031,LMIGR,3445049.0
CZ,M,2032,BSL,3490863.0
CZ,M,2032,HMIGR,3548512.0
CZ,M,2032,LMIGR,3434134.0
CZ,M,2033,BSL,3486428.0
CZ,M,2033,HMIGR,3549771.0
CZ,M,2033,LMIGR,3424117.0
CZ,M,2034,BSL,3482151.0
CZ,M,2034,HMIGR,3551180.0
CZ,M,2034,LMIGR,3414276.0
CZ,M,2035,BSL,3479091.0
CZ,M,2035,HMIGR,3554148.0
CZ,M,2035,LMIGR,3405447.0
DE,F,2024,BSL,26666223.0
DE,F,2024,HMIGR,26756538.0
DE,F,2024,LMIGR,26580209.0
DE,F,2025,BSL,26528163.0
DE,F,2025,HMIGR,26674796.0
DE,F,2025,LMIGR,26385878.0
DE,F,2026,BSL,26365350.0
DE,F,2026,HMIGR,26563371.0
DE,F,2026,LMIGR,26171722.0
DE,F,2027,BSL,26160269.0
DE,F,2027,HMIGR,26404778.0
DE,F,2027,LMIGR,25920205.0
DE,F,2028,BSL,25938618.0
DE,F,2028,HMIGR,26224639.0
DE,F,2028,LMIGR,25657098.0
DE,F,2029,BSL,25708223.0
DE,F,2029,HMIGR,26036140.0
DE,F,2029,LMIGR,25384855.0
DE,F,2030,BSL,25493008.0
DE,F,2030,HMIGR,25863346.0
DE,F,2030,LMIGR,25127287.0
DE,F,2031,BSL,25300430.0
DE,F,2031,HMIGR,25713685.0
DE,F,2031,LMIGR,24891851.0
DE,F,2032,BSL,25128116.0
DE,F,2032,HMIGR,25584764.0
DE,F,2032,LMIGR,24676221.0
DE,F,2033,BSL,24972017.0
DE,F,2033,HMIGR,25472550.0
DE,F,2033,LMIGR,24476297.0
DE,F,2034,BSL,24832851.0
DE,F,2034,HMIGR,25377696.0
DE,F,2034,LMIGR,24292903.0
DE,F,2035,BSL,24733739.0
DE,F,2035,HMIGR,25324052.0
DE,F,2035,LMIGR,24148404.0
DE,M,2024,BSL,27302577.0
DE,M,2024,HMIGR,27410094.0
DE,M,2024,LMIGR,27199275.0
DE,M,2025,BSL,27238813.0
DE,M,2025,HMIGR,27430108.0
DE,M,2025,LMIGR,27053387.0
DE,M,2026,BSL,27139007.0
DE,M,2026,HMIGR,27405055.0
DE,M,2026,LMIGR,26878884.0
DE,M,2027,BSL,26985661.0
DE,M,2027,HMIGR,27319045.0
DE,M,2027,LMIGR,26658237.0
DE,M,2028,BSL,26802699.0
DE,M,2028,HMIGR,27195910.0
DE,M,2028,LMIGR,26415507.0
DE,M,2029,BSL,26606356.0
DE,M,2029,HMIGR,27059224.0
DE,M,2029,LMIGR,26159561.0
DE,M,2030,BSL,26423364.0
DE,M,2030,HMIGR,26935874.0
DE,M,2030,LMIGR,25917000.0
DE,M,2031,BSL,26260978.0
DE,M,2031,HMIGR,26833101.0
DE,M,2031,LMIGR,25695073.0
DE,M,2032,BSL,26117732.0
DE,M,2032,HMIGR,26749421.0
DE,M,2032,LMIGR,25492343.0
DE,M,2033,BSL,25992859.0
DE,M,2033,HMIGR,26684128.0
DE,M,2033,LMIGR,25307989.0
DE,M,2034,BSL,25883514.0
DE,M,2034,HMIGR,26634301.0
DE,M,2034,LMIGR,25139218.0
DE,M,2035,BSL,25806976.0
DE,M,2035,HMIGR,26617654.0
DE,M,2035,LMIGR,25002888.0
FR,F,2024,BSL,21258989.0
FR,F,2024,HMIGR,21290374.0
FR,F,2024,LMIGR,21227789.0
FR,F,2025,BSL,21260861.0
FR,F,2025,HMIGR,21321245.0
FR,F,2025,LMIGR,21202798.0
FR,F,2026,BSL,21263233.0
FR,F,2026,HMIGR,21352798.0
FR,F,2026,LMIGR,21178099.0
FR,F,2027,BSL,21252010.0
FR,F,2027,HMIGR,21370010.0
FR,F,2027,LMIGR,21139821.0
FR,F,2028,BSL,21234914.0
FR,F,2028,HMIGR,21381077.0
FR,F,2028,LMIGR,21095472.0
FR,F,2029,BSL,21200634.0
FR,F,2029,HMIGR,21374339.0
FR,F,2029,LMIGR,21033700.0
FR,F,2030,BSL,21162570.0
FR,F,2030,HMIGR,21364046.0
FR,F,2030,LMIGR,20967909.0
FR,F,2031,BSL,21118916.0
FR,F,2031,HMIGR,21348379.0
FR,F,2031,LMIGR,20896333.0
FR,F,2032,BSL,21069821.0
FR,F,2032,HMIGR,21327489.0
FR,F,2032,LMIGR,20819090.0
FR,F,2033,BSL,21024211.0
FR,F,2033,HMIGR,21310280.0
FR,F,2033,LMIGR,20745122.0
FR,F,2034,BSL,20968297.0
FR,F,2034,HMIGR,21282949.0
FR,F,2034,LMIGR,20660674.0
FR,F,2035,BSL,20909050.0
FR,F,2035,HMIGR,21252668.0
FR,F,2035,LMIGR,20572510.0
FR,M,2024,BSL,20707939.0
FR,M,2024,HMIGR,20735467.0
FR,M,2024,LMIGR,20680412.0
FR,M,2025,BSL,20724406.0
FR,M,2025,HMIGR,20778608.0
FR,M,2025,LMIGR,20670974.0
FR,M,2026,BSL,20739221.0
FR,M,2026,HMIGR,20820278.0
FR,M,2026,LMIGR,20659850.0
FR,M,2027,BSL,20736099.0
FR,M,2027,HMIGR,20843972.0
FR,M,2027,LMIGR,20631721.0
FR,M,2028,BSL,20728819.0
FR,M,2028,HMIGR,20863378.0
FR,M,2028,LMIGR,20599248.0
FR,M,2029,BSL,20702970.0
FR,M,2029,HMIGR,20862982.0
FR,M,2029,LMIGR,20547985.0
FR,M,2030,BSL,20669552.0
FR,M,2030,HMIGR,20855220.0
FR,M,2030,LMIGR,20488952.0
FR,M,2031,BSL,20630971.0
FR,M,2031,HMIGR,20842494.0
FR,M,2031,LMIGR,20424557.0
FR,M,2032,BSL,20586499.0
FR,M,2032,HMIGR,20824070.0
FR,M,2032,LMIGR,20354060.0
FR,M,2033,BSL,20542331.0
FR,M,2033,HMIGR,20806193.0
FR,M,2033,LMIGR,20283633.0
FR,M,2034,BSL,20494053.0
FR,M,2034,HMIGR,20784406.0
FR,M,2034,LMIGR,20208889.0
FR,M,2035,BSL,20437704.0
FR,M,2035,HMIGR,20754879.0
FR,M,2035,LMIGR,20125755.0
NO,F,2024,BSL,1737712.0
NO,F,2024,HMIGR,1740720.0
NO,F,2024,LMIGR,1734710.0
NO,F,2025,BSL,1741455.0
NO,F,2025,HMIGR,1746907.0
NO,F,2025,LMIGR,1736004.0
NO,F,2026,BSL,1747101.0
NO,F,2026,HMIGR,1755281.0
NO,F,2026,LMIGR,1738925.0
NO,F,2027,BSL,1753706.0
NO,F,2027,HMIGR,1764897.0
NO,F,2027,LMIGR,1742515.0
NO,F,2028,BSL,1761998.0
NO,F,2028,HMIGR,1776487.0
NO,F,2028,LMIGR,1747499.0
NO,F,2029,BSL,1768802.0
NO,F,2029,HMIGR,1786639.0
NO,F,2029,LMIGR,1750967.0
NO,F,2030,BSL,1774397.0
NO,F,2030,HMIGR,1795627.0
NO,F,2030,LMIGR,1753175.0
NO,F,2031,BSL,1779363.0
NO,F,2031,HMIGR,1804023.0
NO,F,2031,LMIGR,1754706.0
NO,F,2032,BSL,1783828.0
NO,F,2032,HMIGR,1811965.0
NO,F,2032,LMIGR,1755695.0
NO,F,2033,BSL,1786591.0
NO,F,2033,HMIGR,1818251.0
NO,F,2033,LMIGR,1754991.0
NO,F,2034,BSL,1787713.0
NO,F,2034,HMIGR,1822942.0
NO,F,2034,LMIGR,1752727.0
NO,F,2035,BSL,1788936.0
NO,F,2035,HMIGR,1827809.0
NO,F,2035,LMIGR,1750502.0
NO,M,2024,BSL,1815623.0
NO,M,2024,HMIGR,1818121.0
NO,M,2024,LMIGR,1813125.0
NO,M,2025,BSL,1820812.0
NO,M,2025,HMIGR,1825690.0
NO,M,2025,LMIGR,1815933.0
NO,M,2026,BSL,1827986.0
NO,M,2026,HMIGR,1835522.0
NO,M,2026,LMIGR,1820457.0
NO,M,2027,BSL,1836628.0
NO,M,2027,HMIGR,1847088.0
NO,M,2027,LMIGR,1826166.0
NO,M,2028,BSL,1846832.0
NO,M,2028,HMIGR,1860501.0
NO,M,2028,LMIGR,1833155.0
NO,M,2029,BSL,1855413.0
NO,M,2029,HMIGR,1872335.0
NO,M,2029,LMIGR,1838482.0
NO,M,2030,BSL,1862514.0
NO,M,2030,HMIGR,1882734.0
NO,M,2030,LMIGR,1842286.0
NO,M,2031,BSL,1868900.0
NO,M,2031,HMIGR,1892459.0
NO,M,2031,LMIGR,1845338.0
NO,M,2032,BSL,1874774.0
NO,M,2032,HMIGR,1901712.0
NO,M,2032,LMIGR,1847829.0
NO,M,2033,BSL,1879459.0
NO,M,2033,HMIGR,1909827.0
NO,M,2033,LMIGR,1849088.0
NO,M,2034,BSL,1882320.0
NO,M,2034,HMIGR,1916161.0
NO,M,2034,LMIGR,1848534.0
NO,M,2035,BSL,1884902.0
NO,M,2035,HMIGR,1922272.0
NO,M,2035,LMIGR,1847654.0
PL,F,2024,BSL,12555034.0
PL,F,2024,HMIGR,12585160.0
PL,F,2024,LMIGR,12524910.0
PL,F,2025,BSL,12427952.0
PL,F,2025,HMIGR,12466939.0
PL,F,2025,LMIGR,12388962.0
PL,F,2026,BSL,12312551.0
PL,F,2026,HMIGR,12360496.0
PL,F,2026,LMIGR,12264606.0
PL,F,2027,BSL,12202058.0
PL,F,2027,HMIGR,12258952.0
PL,F,2027,LMIGR,12145166.0
PL,F,2028,BSL,12101331.0
PL,F,2028,HMIGR,12167118.0
PL,F,2028,LMIGR,12035541.0
PL,F,2029,BSL,12000032.0
PL,F,2029,HMIGR,12074839.0
PL,F,2029,LMIGR,11925223.0
PL,F,2030,BSL,11911500.0
PL,F,2030,HMIGR,11995507.0
PL,F,2030,LMIGR,11827499.0
PL,F,2031,BSL,11830384.0
PL,F,2031,HMIGR,11923737.0
PL,F,2031,LMIGR,11737035.0
PL,F,2032,BSL,11761789.0
PL,F,2032,HMIGR,11864606.0
PL,F,2032,LMIGR,11658976.0
PL,F,2033,BSL,11705281.0
PL,F,2033,HMIGR,11817723.0
PL,F,2033,LMIGR,11592843.0
PL,F,2034,BSL,11643099.0
PL,F,2034,HMIGR,11765233.0
PL,F,2034,LMIGR,11520968.0
PL,F,2035,BSL,11592353.0
PL,F,2035,HMIGR,11725057.0
PL,F,2035,LMIGR,11459661.0
PL,M,2024,BSL,12341914.0
PL,M,2024,HMIGR,12363224.0
PL,M,2024,LMIGR,12320607.0
PL,M,2025,BSL,12276656.0
PL,M,2025,HMIGR,12312647.0
PL,M,2025,LMIGR,12240670.0
PL,M,2026,BSL,12216932.0
PL,M,2026,HMIGR,12267315.0
PL,M,2026,LMIGR,12166546.0
PL,M,2027,BSL,12153859.0
PL,M,2027,HMIGR,12218371.0
PL,M,2027,LMIGR,12089346.0
PL,M,2028,BSL,12094340.0
PL,M,2028,HMIGR,12172666.0
PL,M,2028,LMIGR,12016018.0
PL,M,2029,BSL,12029373.0
PL,M,2029,HMIGR,12121420.0
PL,M,2029,LMIGR,11937328.0
PL,M,2030,BSL,11973126.0
PL,M,2030,HMIGR,12078828.0
PL,M,2030,LMIGR,11867430.0
PL,M,2031,BSL,11920454.0
PL,M,2031,HMIGR,12039753.0
PL,M,2031,LMIGR,11801162.0
PL,M,2032,BSL,11877730.0
PL,M,2032,HMIGR,12010542.0
PL,M,2032,LMIGR,11744925.0
PL,M,2033,BSL,11844884.0
PL,M,2033,HMIGR,11991184.0
PL,M,2033,LMIGR,11698600.0
PL,M,2034,BSL,11805766.0
PL,M,2034,HMIGR,11965457.0
PL,M,2034,LMIGR,11646090.0
PL,M,2035,BSL,11768199.0
PL,M,2035,HMIGR,11941651.0
PL,M,2035,LMIGR,11594761.0
RO,F,2024,BSL,5989858.0
RO,F,2024,HMIGR,5998502.0
RO,F,2024,LMIGR,5981213.0
RO,F,2025,BSL,5934415.0
RO,F,2025,HMIGR,5949388.0
RO,F,2025,LMIGR,5919436.0
RO,F,2026,BSL,5884114.0
RO,F,2026,HMIGR,5905211.0
RO,F,2026,LMIGR,5863011.0
RO,F,2027,BSL,5834639.0
RO,F,2027,HMIGR,5861639.0
RO,F,2027,LMIGR,5807634.0
RO,F,2028,BSL,5791278.0
RO,F,2028,HMIGR,5823950.0
RO,F,2028,LMIGR,5758601.0
RO,F,2029,BSL,5750933.0
RO,F,2029,HMIGR,5789249.0
RO,F,2029,LMIGR,5712624.0
RO,F,2030,BSL,5715107.0
RO,F,2030,HMIGR,5759013.0
RO,F,2030,LMIGR,5671200.0
RO,F,2031,BSL,5682545.0
RO,F,2031,HMIGR,5732009.0
RO,F,2031,LMIGR,5633085.0
RO,F,2032,BSL,5656686.0
RO,F,2032,HMIGR,5711657.0
RO,F,2032,LMIGR,5601719.0
RO,F,2033,BSL,5564037.0
RO,F,2033,HMIGR,5624469.0
RO,F,2033,LMIGR,5503602.0
RO,F,2034,BSL,5462800.0
RO,F,2034,HMIGR,5528647.0
RO,F,2034,LMIGR,5396960.0
RO,F,2035,BSL,5381480.0
RO,F,2035,HMIGR,5452763.0
RO,F,2035,LMIGR,5310204.0
RO,M,2024,BSL,6112614.0
RO,M,2024,HMIGR,6123815.0
RO,M,2024,LMIGR,6101412.0
RO,M,2025,BSL,6077392.0
RO,M,2025,HMIGR,6098312.0
RO,M,2025,LMIGR,6056474.0
RO,M,2026,BSL,6041706.0
RO,M,2026,HMIGR,6071978.0
RO,M,2026,LMIGR,6011433.0
RO,M,2027,BSL,6003987.0
RO,M,2027,HMIGR,6043243.0
RO,M,2027,LMIGR,5964731.0
RO,M,2028,BSL,5970377.0
RO,M,2028,HMIGR,6018240.0
RO,M,2028,LMIGR,5922512.0
RO,M,2029,BSL,5937686.0
RO,M,2029,HMIGR,5994026.0
RO,M,2029,LMIGR,5881344.0
RO,M,2030,BSL,5908030.0
RO,M,2030,HMIGR,5972724.0
RO,M,2030,LMIGR,5843344.0
RO,M,2031,BSL,5881773.0
RO,M,2031,HMIGR,5954696.0
RO,M,2031,LMIGR,5808861.0
RO,M,2032,BSL,5859357.0
RO,M,2032,HMIGR,5940371.0
RO,M,2032,LMIGR,5778348.0
RO,M,2033,BSL,5778930.0
RO,M,2033,HMIGR,5867912.0
RO,M,2033,LMIGR,5689956.0
RO,M,2034,BSL,5691327.0
RO,M,2034,HMIGR,5788137.0
RO,M,2034,LMIGR,5594520.0
RO,M,2035,BSL,5619629.0
RO,M,2035,HMIGR,5724196.0
RO,M,2035,LMIGR,5515075.0
