dataset,indicator,country,sex,n_obs,year_min,year_max,n_break,n_provisional,n_estimated
demo_mlexpec,Y15,BG,F,65,1960,2024,1,0,0
demo_mlexpec,Y15,BG,M,65,1960,2024,1,0,0
demo_mlexpec,Y15,CH,F,65,1960,2024,2,0,0
demo_mlexpec,Y15,CH,M,65,1960,2024,2,0,0
demo_mlexpec,Y15,CZ,F,65,1960,2024,2,0,0
demo_mlexpec,Y15,CZ,M,65,1960,2024,2,0,0
demo_mlexpec,Y15,DE,F,40,1985,2024,4,0,0
demo_mlexpec,Y15,DE,M,40,1985,2024,4,0,0
demo_mlexpec,Y15,FR,F,27,1998,2024,2,2,0
demo_mlexpec,Y15,FR,M,27,1998,2024,2,2,0
demo_mlexpec,Y15,NO,F,65,1960,2024,1,0,0
demo_mlexpec,Y15,NO,M,65,1960,2024,1,0,0
demo_mlexpec,Y15,PL,F,35,1990,2024,5,5,10
demo_mlexpec,Y15,PL,M,35,1990,2024,5,5,10
demo_mlexpec,Y15,RO,F,57,1968,2024,3,0,9
demo_mlexpec,Y15,RO,M,57,1968,2024,3,0,9
demo_mlexpec,Y65,BG,F,65,1960,2024,1,0,0
demo_mlexpec,Y65,BG,M,65,1960,2024,1,0,0
demo_mlexpec,Y65,CH,F,65,1960,2024,2,0,0
demo_mlexpec,Y65,CH,M,65,1960,2024,2,0,0
demo_mlexpec,Y65,CZ,F,65,1960,2024,2,0,0
demo_mlexpec,Y65,CZ,M,65,1960,2024,2,0,0
demo_mlexpec,Y65,DE,F,40,1985,2024,4,0,0
demo_mlexpec,Y65,DE,M,40,1985,2024,4,0,0
demo_mlexpec,Y65,FR,F,27,1998,2024,2,2,0
demo_mlexpec,Y65,FR,M,27,1998,2024,2,2,0
demo_mlexpec,Y65,NO,F,65,1960,2024,1,0,0
demo_mlexpec,Y65,NO,M,65,1960,2024,1,0,0
demo_mlexpec,Y65,PL,F,35,1990,2024,5,5,10
demo_mlexpec,Y65,PL,M,35,1990,2024,5,5,10
demo_mlexpec,Y65,RO,F,57,1968,2024,3,0,9
demo_mlexpec,Y65,RO,M,57,1968,2024,3,0,9
demo_mlexpec,Y_LT1,BG,F,65,1960,2024,1,0,0
demo_mlexpec,Y_LT1,BG,M,65,1960,2024,1,0,0
demo_mlexpec,Y_LT1,CH,F,65,1960,2024,2,0,0
demo_mlexpec,Y_LT1,CH,M,65,1960,2024,2,0,0
demo_mlexpec,Y_LT1,CZ,F,65,1960,2024,2,0,0
demo_mlexpec,Y_LT1,CZ,M,65,1960,2024,2,0,0
demo_mlexpec,Y_LT1,DE,F,40,1985,2024,4,0,0
demo_mlexpec,Y_LT1,DE,M,40,1985,2024,4,0,0
demo_mlexpec,Y_LT1,FR,F,27,1998,2024,2,2,0
demo_mlexpec,Y_LT1,FR,M,27,1998,2024,2,2,0
demo_mlexpec,Y_LT1,NO,F,65,1960,2024,1,0,0
demo_mlexpec,Y_LT1,NO,M,65,1960,2024,1,0,0
demo_mlexpec,Y_LT1,PL,F,35,1990,2024,5,5,10
demo_mlexpec,Y_LT1,PL,M,35,1990,2024,5,5,10
demo_mlexpec,Y_LT1,RO,F,57,1968,2024,3,0,9
demo_mlexpec,Y_LT1,RO,M,57,1968,2024,3,0,9
demo_pjan,TOTAL,BG,F,66,1960,2025,0,0,0
demo_pjan,TOTAL,BG,M,66,1960,2025,0,0,0
demo_pjan,TOTAL,CH,F,66,1960,2025,1,0,0
demo_pjan,TOTAL,CH,M,66,1960,2025,1,0,0
demo_pjan,TOTAL,CZ,F,66,1960,2025,1,0,0
demo_pjan,TOTAL,CZ,M,66,1960,2025,1,0,0
demo_pjan,TOTAL,DE,F,66,1960,2025,2,0,0
demo_pjan,TOTAL,DE,M,66,1960,2025,2,0,0
demo_pjan,TOTAL,FR,F,35,1991,2025,2,4,0
demo_pjan,TOTAL,FR,M,35,1991,2025,2,4,0
demo_pjan,TOTAL,NO,F,66,1960,2025,0,0,0
demo_pjan,TOTAL,NO,M,66,1960,2025,0,0,0
demo_pjan,TOTAL,PL,F,42,1960,2025,3,5,5
demo_pjan,TOTAL,PL,M,42,1960,2025,3,5,5
demo_pjan,TOTAL,RO,F,58,1968,2025,0,0,5
demo_pjan,TOTAL,RO,M,58,1968,2025,0,0,5
demo_pjangroup,TOTAL,BG,F,66,1960,2025,0,0,0
demo_pjangroup,TOTAL,BG,M,66,1960,2025,0,0,0
demo_pjangroup,TOTAL,CH,F,66,1960,2025,1,0,0
demo_pjangroup,TOTAL,CH,M,66,1960,2025,1,0,0
demo_pjangroup,TOTAL,CZ,F,66,1960,2025,1,0,0
demo_pjangroup,TOTAL,CZ,M,66,1960,2025,1,0,0
demo_pjangroup,TOTAL,DE,F,66,1960,2025,2,0,0
demo_pjangroup,TOTAL,DE,M,66,1960,2025,2,0,0
demo_pjangroup,TOTAL,FR,F,35,1991,2025,2,4,0
demo_pjangroup,TOTAL,FR,M,35,1991,2025,2,4,0
demo_pjangroup,TOTAL,NO,F,66,1960,2025,0,0,0
demo_pjangroup,TOTAL,NO,M,66,1960,2025,0,0,0
demo_pjangroup,TOTAL,PL,F,42,1960,2025,3,5,5
demo_pjangroup,TOTAL,PL,M,42,1960,2025,3,5,5
demo_pjangroup,TOTAL,RO,F,58,1968,2025,0,0,5
demo_pjangroup,TOTAL,RO,M,58,1968,2025,0,0,5
demo_pjangroup,Y15-19,BG,F,66,1960,2025,0,0,0
demo_pjangroup,Y15-19,BG,M,66,1960,2025,0,0,0
demo_pjangroup,Y15-19,CH,F,66,1960,2025,0,0,0
demo_pjangroup,Y15-19,CH,M,66,1960,2025,0,0,0
demo_pjangroup,Y15-19,CZ,F,66,1960,2025,1,0,0
demo_pjangroup,Y15-19,CZ,M,66,1960,2025,1,0,0
demo_pjangroup,Y15-19,DE,F,66,1960,2025,2,0,0
demo_pjangroup,Y15-19,DE,M,66,1960,2025,2,0,0
demo_pjangroup,Y15-19,FR,F,35,1991,2025,1,4,0
demo_pjangroup,Y15-19,FR,M,35,1991,2025,1,4,0
demo_pjangroup,Y15-19,NO,F,66,1960,2025,0,0,0
demo_pjangroup,Y15-19,NO,M,66,1960,2025,0,0,0
demo_pjangroup,Y15-19,PL,F,42,1960,2025,1,5,5
demo_pjangroup,Y15-19,PL,M,42,1960,2025,1,5,5
demo_pjangroup,Y15-19,RO,F,58,1968,2025,0,0,6
demo_pjangroup,Y15-19,RO,M,58,1968,2025,0,0,6
demo_pjangroup,Y20-24,BG,F,66,1960,2025,0,0,0
demo_pjangroup,Y20-24,BG,M,66,1960,2025,0,0,0
demo_pjangroup,Y20-24,CH,F,66,1960,2025,0,0,0
demo_pjangroup,Y20-24,CH,M,66,1960,2025,0,0,0
demo_pjangroup,Y20-24,CZ,F,66,1960,2025,1,0,0
demo_pjangroup,Y20-24,CZ,M,66,1960,2025,1,0,0
demo_pjangroup,Y20-24,DE,F,66,1960,2025,2,0,0
demo_pjangroup,Y20-24,DE,M,66,1960,2025,2,0,0
demo_pjangroup,Y20-24,FR,F,35,1991,2025,1,4,0
demo_pjangroup,Y20-24,FR,M,35,1991,2025,1,4,0
demo_pjangroup,Y20-24,NO,F,66,1960,2025,0,0,0
demo_pjangroup,Y20-24,NO,M,66,1960,2025,0,0,0
demo_pjangroup,Y20-24,PL,F,42,1960,2025,1,5,5
demo_pjangroup,Y20-24,PL,M,42,1960,2025,1,5,5
demo_pjangroup,Y20-24,RO,F,58,1968,2025,0,0,6
demo_pjangroup,Y20-24,RO,M,58,1968,2025,0,0,6
demo_pjangroup,Y25-29,BG,F,66,1960,2025,0,0,0
demo_pjangroup,Y25-29,BG,M,66,1960,2025,0,0,0
demo_pjangroup,Y25-29,CH,F,66,1960,2025,0,0,0
demo_pjangroup,Y25-29,CH,M,66,1960,2025,0,0,0
demo_pjangroup,Y25-29,CZ,F,66,1960,2025,1,0,0
demo_pjangroup,Y25-29,CZ,M,66,1960,2025,1,0,0
demo_pjangroup,Y25-29,DE,F,66,1960,2025,2,0,0
demo_pjangroup,Y25-29,DE,M,66,1960,2025,2,0,0
demo_pjangroup,Y25-29,FR,F,35,1991,2025,1,4,0
demo_pjangroup,Y25-29,FR,M,35,1991,2025,1,4,0
demo_pjangroup,Y25-29,NO,F,66,1960,2025,0,0,0
demo_pjangroup,Y25-29,NO,M,66,1960,2025,0,0,0
demo_pjangroup,Y25-29,PL,F,42,1960,2025,1,5,5
demo_pjangroup,Y25-29,PL,M,42,1960,2025,1,5,5
demo_pjangroup,Y25-29,RO,F,58,1968,2025,0,0,6
demo_pjangroup,Y25-29,RO,M,58,1968,2025,0,0,6
demo_pjangroup,Y30-34,BG,F,66,1960,2025,0,0,0
demo_pjangroup,Y30-34,BG,M,66,1960,2025,0,0,0
demo_pjangroup,Y30-34,CH,F,66,1960,2025,0,0,0
demo_pjangroup,Y30-34,CH,M,66,1960,2025,0,0,0
demo_pjangroup,Y30-34,CZ,F,66,1960,2025,1,0,0
demo_pjangroup,Y30-34,CZ,M,66,1960,2025,1,0,0
demo_pjangroup,Y30-34,DE,F,66,1960,2025,2,0,0
demo_pjangroup,Y30-34,DE,M,66,1960,2025,2,0,0
demo_pjangroup,Y30-34,FR,F,35,1991,2025,1,4,0
demo_pjangroup,Y30-34,FR,M,35,1991,2025,1,4,0
demo_pjangroup,Y30-34,NO,F,66,1960,2025,0,0,0
demo_pjangroup,Y30-34,NO,M,66,1960,2025,0,0,0
demo_pjangroup,Y30-34,PL,F,42,1960,2025,1,5,5
demo_pjangroup,Y30-34,PL,M,42,1960,2025,1,5,5
demo_pjangroup,Y30-34,RO,F,58,1968,2025,0,0,6
demo_pjangroup,Y30-34,RO,M,58,1968,2025,0,0,6
demo_pjangroup,Y35-39,BG,F,66,1960,2025,0,0,0
demo_pjangroup,Y35-39,BG,M,66,1960,2025,0,0,0
demo_pjangroup,Y35-39,CH,F,66,1960,2025,0,0,0
demo_pjangroup,Y35-39,CH,M,66,1960,2025,0,0,0
demo_pjangroup,Y35-39,CZ,F,66,1960,2025,1,0,0
demo_pjangroup,Y35-39,CZ,M,66,1960,2025,1,0,0
demo_pjangroup,Y35-39,DE,F,66,1960,2025,2,0,0
demo_pjangroup,Y35-39,DE,M,66,1960,2025,2,0,0
demo_pjangroup,Y35-39,FR,F,35,1991,2025,1,4,0
demo_pjangroup,Y35-39,FR,M,35,1991,2025,1,4,0
demo_pjangroup,Y35-39,NO,F,66,1960,2025,0,0,0
demo_pjangroup,Y35-39,NO,M,66,1960,2025,0,0,0
demo_pjangroup,Y35-39,PL,F,42,1960,2025,1,5,5
demo_pjangroup,Y35-39,PL,M,42,1960,2025,1,5,5
demo_pjangroup,Y35-39,RO,F,58,1968,2025,0,0,6
demo_pjangroup,Y35-39,RO,M,58,1968,2025,0,0,6
demo_pjangroup,Y40-44,BG,F,66,1960,2025,0,0,0
demo_pjangroup,Y40-44,BG,M,66,1960,2025,0,0,0
demo_pjangroup,Y40-44,CH,F,66,1960,2025,0,0,0
demo_pjangroup,Y40-44,CH,M,66,1960,2025,0,0,0
demo_pjangroup,Y40-44,CZ,F,66,1960,2025,1,0,0
demo_pjangroup,Y40-44,CZ,M,66,1960,2025,1,0,0
demo_pjangroup,Y40-44,DE,F,66,1960,2025,2,0,0
demo_pjangroup,Y40-44,DE,M,66,1960,2025,2,0,0
demo_pjangroup,Y40-44,FR,F,35,1991,2025,1,4,0
demo_pjangroup,Y40-44,FR,M,35,1991,2025,1,4,0
demo_pjangroup,Y40-44,NO,F,66,1960,2025,0,0,0
demo_pjangroup,Y40-44,NO,M,66,1960,2025,0,0,0
demo_pjangroup,Y40-44,PL,F,42,1960,2025,1,5,5
demo_pjangroup,Y40-44,PL,M,42,1960,2025,1,5,5
demo_pjangroup,Y40-44,RO,F,58,1968,2025,0,0,6
demo_pjangroup,Y40-44,RO,M,58,1968,2025,0,0,6
demo_pjangroup,Y45-49,BG,F,66,1960,2025,0,0,0
demo_pjangroup,Y45-49,BG,M,66,1960,2025,0,0,0
demo_pjangroup,Y45-49,CH,F,66,1960,2025,0,0,0
demo_pjangroup,Y45-49,CH,M,66,1960,2025,0,0,0
demo_pjangroup,Y45-49,CZ,F,66,1960,2025,1,0,0
demo_pjangroup,Y45-49,CZ,M,66,1960,2025,1,0,0
demo_pjangroup,Y45-49,DE,F,66,1960,2025,2,0,0
demo_pjangroup,Y45-49,DE,M,66,1960,2025,2,0,0
demo_pjangroup,Y45-49,FR,F,35,1991,2025,1,4,0
demo_pjangroup,Y45-49,FR,M,35,1991,2025,1,4,0
demo_pjangroup,Y45-49,NO,F,66,1960,2025,0,0,0
demo_pjangroup,Y45-49,NO,M,66,1960,2025,0,0,0
demo_pjangroup,Y45-49,PL,F,42,1960,2025,1,5,5
demo_pjangroup,Y45-49,PL,M,42,1960,2025,1,5,5
demo_pjangroup,Y45-49,RO,F,58,1968,2025,0,0,6
demo_pjangroup,Y45-49,RO,M,58,1968,2025,0,0,6
demo_pjangroup,Y50-54,BG,F,66,1960,2025,0,0,0
demo_pjangroup,Y50-54,BG,M,66,1960,2025,0,0,0
demo_pjangroup,Y50-54,CH,F,66,1960,2025,0,0,0
demo_pjangroup,Y50-54,CH,M,66,1960,2025,0,0,0
demo_pjangroup,Y50-54,CZ,F,66,1960,2025,1,0,0
demo_pjangroup,Y50-54,CZ,M,66,1960,2025,1,0,0
demo_pjangroup,Y50-54,DE,F,66,1960,2025,2,0,0
demo_pjangroup,Y50-54,DE,M,66,1960,2025,2,0,0
demo_pjangroup,Y50-54,FR,F,35,1991,2025,1,4,0
demo_pjangroup,Y50-54,FR,M,35,1991,2025,1,4,0
demo_pjangroup,Y50-54,NO,F,66,1960,2025,0,0,0
demo_pjangroup,Y50-54,NO,M,66,1960,2025,0,0,0
demo_pjangroup,Y50-54,PL,F,42,1960,2025,1,5,5
demo_pjangroup,Y50-54,PL,M,42,1960,2025,1,5,5
demo_pjangroup,Y50-54,RO,F,58,1968,2025,0,0,6
demo_pjangroup,Y50-54,RO,M,58,1968,2025,0,0,6
demo_pjangroup,Y55-59,BG,F,66,1960,2025,0,0,0
demo_pjangroup,Y55-59,BG,M,66,1960,2025,0,0,0
demo_pjangroup,Y55-59,CH,F,66,1960,2025,0,0,0
demo_pjangroup,Y55-59,CH,M,66,1960,2025,0,0,0
demo_pjangroup,Y55-59,CZ,F,66,1960,2025,1,0,0
demo_pjangroup,Y55-59,CZ,M,66,1960,2025,1,0,0
demo_pjangroup,Y55-59,DE,F,66,1960,2025,2,0,0
demo_pjangroup,Y55-59,DE,M,66,1960,2025,2,0,0
demo_pjangroup,Y55-59,FR,F,35,1991,2025,1,4,0
demo_pjangroup,Y55-59,FR,M,35,1991,2025,1,4,0
demo_pjangroup,Y55-59,NO,F,66,1960,2025,0,0,0
demo_pjangroup,Y55-59,NO,M,66,1960,2025,0,0,0
demo_pjangroup,Y55-59,PL,F,42,1960,2025,1,5,5
demo_pjangroup,Y55-59,PL,M,42,1960,2025,1,5,5
demo_pjangroup,Y55-59,RO,F,58,1968,2025,0,0,6
demo_pjangroup,Y55-59,RO,M,58,1968,2025,0,0,6
demo_pjangroup,Y60-64,BG,F,66,1960,2025,0,0,0
demo_pjangroup,Y60-64,BG,M,66,1960,2025,0,0,0
demo_pjangroup,Y60-64,CH,F,66,1960,2025,0,0,0
demo_pjangroup,Y60-64,CH,M,66,1960,2025,0,0,0
demo_pjangroup,Y60-64,CZ,F,66,1960,2025,1,0,0
demo_pjangroup,Y60-64,CZ,M,66,1960,2025,1,0,0
demo_pjangroup,Y60-64,DE,F,66,1960,2025,2,0,0
demo_pjangroup,Y60-64,DE,M,66,1960,2025,2,0,0
demo_pjangroup,Y60-64,FR,F,35,1991,2025,1,4,0
demo_pjangroup,Y60-64,FR,M,35,1991,2025,1,4,0
demo_pjangroup,Y60-64,NO,F,66,1960,2025,0,0,0
demo_pjangroup,Y60-64,NO,M,66,1960,2025,0,0,0
demo_pjangroup,Y60-64,PL,F,42,1960,2025,1,5,5
demo_pjangroup,Y60-64,PL,M,42,1960,2025,1,5,5
demo_pjangroup,Y60-64,RO,F,58,1968,2025,0,0,6
demo_pjangroup,Y60-64,RO,M,58,1968,2025,0,0,6
demo_pjangroup,Y65-69,BG,F,66,1960,2025,0,0,0
demo_pjangroup,Y65-69,BG,M,66,1960,2025,0,0,0
demo_pjangroup,Y65-69,CH,F,66,1960,2025,0,0,0
demo_pjangroup,Y65-69,CH,M,66,1960,2025,0,0,0
demo_pjangroup,Y65-69,CZ,F,66,1960,2025,1,0,0
demo_pjangroup,Y65-69,CZ,M,66,1960,2025,1,0,0
demo_pjangroup,Y65-69,DE,F,66,1960,2025,2,0,0
demo_pjangroup,Y65-69,DE,M,66,1960,2025,2,0,0
demo_pjangroup,Y65-69,FR,F,35,1991,2025,1,4,0
demo_pjangroup,Y65-69,FR,M,35,1991,2025,1,4,0
demo_pjangroup,Y65-69,NO,F,66,1960,2025,0,0,0
demo_pjangroup,Y65-69,NO,M,66,1960,2025,0,0,0
demo_pjangroup,Y65-69,PL,F,42,1960,2025,1,5,5
demo_pjangroup,Y65-69,PL,M,42,1960,2025,1,5,5
demo_pjangroup,Y65-69,RO,F,58,1968,2025,0,0,6
demo_pjangroup,Y65-69,RO,M,58,1968,2025,0,0,6
demo_pjangroup,Y70-74,BG,F,66,1960,2025,0,0,0
demo_pjangroup,Y70-74,BG,M,66,1960,2025,0,0,0
demo_pjangroup,Y70-74,CH,F,66,1960,2025,0,0,0
demo_pjangroup,Y70-74,CH,M,66,1960,2025,0,0,0
demo_pjangroup,Y70-74,CZ,F,66,1960,2025,1,0,0
demo_pjangroup,Y70-74,CZ,M,66,1960,2025,1,0,0
demo_pjangroup,Y70-74,DE,F,66,1960,2025,2,0,0
demo_pjangroup,Y70-74,DE,M,66,1960,2025,2,0,0
demo_pjangroup,Y70-74,FR,F,35,1991,2025,1,4,0
demo_pjangroup,Y70-74,FR,M,35,1991,2025,1,4,0
demo_pjangroup,Y70-74,NO,F,66,1960,2025,0,0,0
demo_pjangroup,Y70-74,NO,M,66,1960,2025,0,0,0
demo_pjangroup,Y70-74,PL,F,42,1960,2025,1,5,5
demo_pjangroup,Y70-74,PL,M,42,1960,2025,1,5,5
demo_pjangroup,Y70-74,RO,F,58,1968,2025,0,0,6
demo_pjangroup,Y70-74,RO,M,58,1968,2025,0,0,6
demo_pjangroup,Y_GE75,BG,F,36,1990,2025,0,0,0
demo_pjangroup,Y_GE75,BG,M,36,1990,2025,0,0,0
demo_pjangroup,Y_GE75,CH,F,36,1990,2025,0,0,0
demo_pjangroup,Y_GE75,CH,M,36,1990,2025,0,0,0
demo_pjangroup,Y_GE75,CZ,F,36,1990,2025,1,0,0
demo_pjangroup,Y_GE75,CZ,M,36,1990,2025,1,0,0
demo_pjangroup,Y_GE75,DE,F,36,1990,2025,2,0,0
demo_pjangroup,Y_GE75,DE,M,36,1990,2025,2,0,0
demo_pjangroup,Y_GE75,FR,F,35,1991,2025,1,4,0
demo_pjangroup,Y_GE75,FR,M,35,1991,2025,1,4,0
demo_pjangroup,Y_GE75,NO,F,36,1990,2025,0,0,0
demo_pjangroup,Y_GE75,NO,M,36,1990,2025,0,0,0
demo_pjangroup,Y_GE75,PL,F,36,1990,2025,1,5,5
demo_pjangroup,Y_GE75,PL,M,36,1990,2025,1,5,5
demo_pjangroup,Y_GE75,RO,F,36,1990,2025,0,0,6
demo_pjangroup,Y_GE75,RO,M,36,1990,2025,0,0,6
gov_10a_exp,GF07,BG,T,30,1995,2024,0,0,0
gov_10a_exp,GF07,CH,T,30,1995,2024,0,0,0
gov_10a_exp,GF07,CZ,T,30,1995,2024,0,0,0
gov_10a_exp,GF07,DE,T,30,1995,2024,0,3,0
gov_10a_exp,GF07,FR,T,30,1995,2024,0,2,0
gov_10a_exp,GF07,NO,T,30,1995,2024,0,0,0
gov_10a_exp,GF07,PL,T,30,1995,2024,0,0,0
gov_10a_exp,GF07,RO,T,30,1995,2024,0,0,0
gov_10a_exp,GF10,BG,T,30,1995,2024,0,0,0
gov_10a_exp,GF10,CH,T,30,1995,2024,0,0,0
gov_10a_exp,GF10,CZ,T,30,1995,2024,0,0,0
gov_10a_exp,GF10,DE,T,30,1995,2024,0,3,0
gov_10a_exp,GF10,FR,T,30,1995,2024,0,2,0
gov_10a_exp,GF10,NO,T,30,1995,2024,0,0,0
gov_10a_exp,GF10,PL,T,30,1995,2024,0,0,0
gov_10a_exp,GF10,RO,T,30,1995,2024,0,0,0
hlth_hlye,HLY_0,BG,F,19,2006,2024,3,0,0
hlth_hlye,HLY_0,BG,M,19,2006,2024,3,0,0
hlth_hlye,HLY_0,CH,F,18,2007,2024,1,0,0
hlth_hlye,HLY_0,CH,M,18,2007,2024,1,0,0
hlth_hlye,HLY_0,CZ,F,20,2005,2024,1,0,0
hlth_hlye,HLY_0,CZ,M,20,2005,2024,1,0,0
hlth_hlye,HLY_0,DE,F,20,2005,2024,6,0,0
hlth_hlye,HLY_0,DE,M,20,2005,2024,6,0,0
hlth_hlye,HLY_0,FR,F,21,2004,2024,2,3,0
hlth_hlye,HLY_0,FR,M,21,2004,2024,2,3,0
hlth_hlye,HLY_0,NO,F,20,2004,2024,2,0,0
hlth_hlye,HLY_0,NO,M,20,2004,2024,2,0,0
hlth_hlye,HLY_0,PL,F,20,2005,2024,2,1,1
hlth_hlye,HLY_0,PL,M,20,2005,2024,2,1,1
hlth_hlye,HLY_0,RO,F,18,2007,2024,2,0,3
hlth_hlye,HLY_0,RO,M,18,2007,2024,2,0,3
hlth_hlye,HLY_65,BG,F,19,2006,2024,3,0,0
hlth_hlye,HLY_65,BG,M,19,2006,2024,3,0,0
hlth_hlye,HLY_65,CH,F,18,2007,2024,1,0,0
hlth_hlye,HLY_65,CH,M,18,2007,2024,1,0,0
hlth_hlye,HLY_65,CZ,F,20,2005,2024,1,0,0
hlth_hlye,HLY_65,CZ,M,20,2005,2024,1,0,0
hlth_hlye,HLY_65,DE,F,20,2005,2024,6,0,0
hlth_hlye,HLY_65,DE,M,20,2005,2024,6,0,0
hlth_hlye,HLY_65,FR,F,21,2004,2024,2,3,0
hlth_hlye,HLY_65,FR,M,21,2004,2024,2,3,0
hlth_hlye,HLY_65,NO,F,20,2004,2024,2,0,0
hlth_hlye,HLY_65,NO,M,20,2004,2024,2,0,0
hlth_hlye,HLY_65,PL,F,20,2005,2024,2,1,1
hlth_hlye,HLY_65,PL,M,20,2005,2024,2,1,1
hlth_hlye,HLY_65,RO,F,18,2007,2024,2,0,3
hlth_hlye,HLY_65,RO,M,18,2007,2024,2,0,3
hlth_hlye,LE_0,BG,F,21,2004,2024,0,0,0
hlth_hlye,LE_0,BG,M,21,2004,2024,0,0,0
hlth_hlye,LE_0,CH,F,21,2004,2024,0,0,0
hlth_hlye,LE_0,CH,M,21,2004,2024,0,0,0
hlth_hlye,LE_0,CZ,F,21,2004,2024,0,0,0
hlth_hlye,LE_0,CZ,M,21,2004,2024,0,0,0
hlth_hlye,LE_0,DE,F,21,2004,2024,1,0,0
hlth_hlye,LE_0,DE,M,21,2004,2024,1,0,0
hlth_hlye,LE_0,FR,F,21,2004,2024,0,1,0
hlth_hlye,LE_0,FR,M,21,2004,2024,0,1,0
hlth_hlye,LE_0,NO,F,21,2004,2024,0,0,0
hlth_hlye,LE_0,NO,M,21,2004,2024,0,0,0
hlth_hlye,LE_0,PL,F,21,2004,2024,0,1,1
hlth_hlye,LE_0,PL,M,21,2004,2024,0,1,1
hlth_hlye,LE_0,RO,F,21,2004,2024,0,0,1
hlth_hlye,LE_0,RO,M,21,2004,2024,0,0,1
hlth_hlye,LE_65,BG,F,21,2004,2024,0,0,0
hlth_hlye,LE_65,BG,M,21,2004,2024,0,0,0
hlth_hlye,LE_65,CH,F,21,2004,2024,0,0,0
hlth_hlye,LE_65,CH,M,21,2004,2024,0,0,0
hlth_hlye,LE_65,CZ,F,21,2004,2024,0,0,0
hlth_hlye,LE_65,CZ,M,21,2004,2024,0,0,0
hlth_hlye,LE_65,DE,F,21,2004,2024,1,0,0
hlth_hlye,LE_65,DE,M,21,2004,2024,1,0,0
hlth_hlye,LE_65,FR,F,21,2004,2024,0,1,0
hlth_hlye,LE_65,FR,M,21,2004,2024,0,1,0
hlth_hlye,LE_65,NO,F,21,2004,2024,0,0,0
hlth_hlye,LE_65,NO,M,21,2004,2024,0,0,0
hlth_hlye,LE_65,PL,F,21,2004,2024,0,1,1
hlth_hlye,LE_65,PL,M,21,2004,2024,0,1,1
hlth_hlye,LE_65,RO,F,21,2004,2024,0,0,1
hlth_hlye,LE_65,RO,M,21,2004,2024,0,0,1
jvs_q_r21,vacancy_count,BG,T,21,2005,2025,0,2,0
jvs_q_r21,vacancy_count,CH,T,23,2003,2025,0,0,0
jvs_q_r21,vacancy_count,CZ,T,18,2008,2025,1,0,0
jvs_q_r21,vacancy_count,DE,T,20,2006,2025,0,0,0
jvs_q_r21,vacancy_count,FR,T,15,2011,2025,0,0,0
jvs_q_r21,vacancy_count,NO,T,16,2010,2025,0,0,0
jvs_q_r21,vacancy_count,PL,T,16,2010,2025,0,0,0
jvs_q_r21,vacancy_count,RO,T,21,2005,2025,0,0,0
jvs_q_r21,vacancy_rate,BG,T,21,2005,2025,0,2,0
jvs_q_r21,vacancy_rate,CH,T,23,2003,2025,0,0,0
jvs_q_r21,vacancy_rate,CZ,T,18,2008,2025,1,0,0
jvs_q_r21,vacancy_rate,DE,T,20,2006,2025,0,0,0
jvs_q_r21,vacancy_rate,FR,T,15,2011,2025,0,0,0
jvs_q_r21,vacancy_rate,NO,T,16,2010,2025,0,0,0
jvs_q_r21,vacancy_rate,PL,T,19,2007,2025,0,0,0
jvs_q_r21,vacancy_rate,RO,T,21,2005,2025,0,0,0
lfsa_egan,Y15-64,BG,F,26,2000,2025,9,0,0
lfsa_egan,Y15-64,BG,M,26,2000,2025,9,0,0
lfsa_egan,Y15-64,CH,F,30,1996,2025,3,0,0
lfsa_egan,Y15-64,CH,M,30,1996,2025,3,0,0
lfsa_egan,Y15-64,CZ,F,29,1997,2025,3,0,0
lfsa_egan,Y15-64,CZ,M,29,1997,2025,3,0,0
lfsa_egan,Y15-64,DE,F,31,1995,2025,7,0,0
lfsa_egan,Y15-64,DE,M,31,1995,2025,7,0,0
lfsa_egan,Y15-64,FR,F,31,1995,2025,6,0,0
lfsa_egan,Y15-64,FR,M,31,1995,2025,6,0,0
lfsa_egan,Y15-64,NO,F,31,1995,2025,3,0,0
lfsa_egan,Y15-64,NO,M,31,1995,2025,3,0,0
lfsa_egan,Y15-64,PL,F,29,1997,2025,8,0,0
lfsa_egan,Y15-64,PL,M,29,1997,2025,8,0,0
lfsa_egan,Y15-64,RO,F,29,1997,2025,5,0,0
lfsa_egan,Y15-64,RO,M,29,1997,2025,5,0,0
lfsi_dwl_a,YR,BG,F,26,2000,2025,0,0,0
lfsi_dwl_a,YR,BG,M,26,2000,2025,0,0,0
lfsi_dwl_a,YR,CH,F,26,2000,2025,0,0,0
lfsi_dwl_a,YR,CH,M,26,2000,2025,0,0,0
lfsi_dwl_a,YR,CZ,F,26,2000,2025,0,0,0
lfsi_dwl_a,YR,CZ,M,26,2000,2025,0,0,0
lfsi_dwl_a,YR,DE,F,26,2000,2025,0,0,0
lfsi_dwl_a,YR,DE,M,26,2000,2025,0,0,0
lfsi_dwl_a,YR,FR,F,26,2000,2025,0,0,0
lfsi_dwl_a,YR,FR,M,26,2000,2025,0,0,0
lfsi_dwl_a,YR,NO,F,26,2000,2025,0,0,0
lfsi_dwl_a,YR,NO,M,26,2000,2025,0,0,0
lfsi_dwl_a,YR,PL,F,26,2000,2025,0,0,0
lfsi_dwl_a,YR,PL,M,26,2000,2025,0,0,0
lfsi_dwl_a,YR,RO,F,26,2000,2025,0,0,0
lfsi_dwl_a,YR,RO,M,26,2000,2025,0,0,0
nama_10_a64,Q,BG,T,30,1995,2024,0,0,0
nama_10_a64,Q,CH,T,30,1995,2024,0,3,0
nama_10_a64,Q,CZ,T,30,1995,2024,0,0,0
nama_10_a64,Q,DE,T,30,1995,2024,0,3,0
nama_10_a64,Q,FR,T,47,1978,2024,0,2,0
nama_10_a64,Q,NO,T,51,1975,2025,0,0,0
nama_10_a64,Q,PL,T,30,1995,2024,0,0,0
nama_10_a64,Q,RO,T,30,1995,2024,0,2,0
nama_10_co3_p3,CP09,BG,T,28,1995,2022,0,0,0
nama_10_co3_p3,CP09,CH,T,28,1995,2022,0,1,0
nama_10_co3_p3,CP09,CZ,T,28,1995,2022,0,0,0
nama_10_co3_p3,CP09,DE,T,28,1995,2022,0,3,0
nama_10_co3_p3,CP09,FR,T,48,1975,2022,0,2,0
nama_10_co3_p3,CP09,NO,T,49,1975,2023,0,0,0
nama_10_co3_p3,CP09,PL,T,29,1995,2023,0,0,0
nama_10_co3_p3,CP09,RO,T,28,1995,2022,0,2,0
nama_10_co3_p3,CP10,BG,T,28,1995,2022,0,0,0
nama_10_co3_p3,CP10,CH,T,28,1995,2022,0,1,0
nama_10_co3_p3,CP10,CZ,T,28,1995,2022,0,0,0
nama_10_co3_p3,CP10,DE,T,28,1995,2022,0,3,0
nama_10_co3_p3,CP10,FR,T,48,1975,2022,0,2,0
nama_10_co3_p3,CP10,NO,T,49,1975,2023,0,0,0
nama_10_co3_p3,CP10,PL,T,29,1995,2023,0,0,0
nama_10_co3_p3,CP10,RO,T,28,1995,2022,0,2,0
nama_10_co3_p3,CP11,BG,T,28,1995,2022,0,0,0
nama_10_co3_p3,CP11,CH,T,28,1995,2022,0,1,0
nama_10_co3_p3,CP11,CZ,T,28,1995,2022,0,0,0
nama_10_co3_p3,CP11,DE,T,28,1995,2022,0,3,0
nama_10_co3_p3,CP11,FR,T,48,1975,2022,0,2,0
nama_10_co3_p3,CP11,NO,T,49,1975,2023,0,0,0
nama_10_co3_p3,CP11,PL,T,29,1995,2023,0,0,0
nama_10_co3_p3,CP11,RO,T,28,1995,2022,0,2,0
une_rt_a,Y15-74,BG,F,17,2009,2025,4,0,0
une_rt_a,Y15-74,BG,M,17,2009,2025,4,0,0
une_rt_a,Y15-74,CH,F,16,2010,2025,1,0,0
une_rt_a,Y15-74,CH,M,16,2010,2025,1,0,0
une_rt_a,Y15-74,CZ,F,17,2009,2025,1,0,0
une_rt_a,Y15-74,CZ,M,17,2009,2025,1,0,0
une_rt_a,Y15-74,DE,F,17,2009,2025,3,0,0
une_rt_a,Y15-74,DE,M,17,2009,2025,3,0,0
une_rt_a,Y15-74,FR,F,23,2003,2025,1,0,0
une_rt_a,Y15-74,FR,M,23,2003,2025,1,0,0
une_rt_a,Y15-74,NO,F,17,2009,2025,0,0,0
une_rt_a,Y15-74,NO,M,17,2009,2025,0,0,0
une_rt_a,Y15-74,PL,F,17,2009,2025,2,0,0
une_rt_a,Y15-74,PL,M,17,2009,2025,2,0,0
une_rt_a,Y15-74,RO,F,17,2009,2025,0,0,0
une_rt_a,Y15-74,RO,M,17,2009,2025,0,0,0
