STRUCTURE,STRUCTURE_ID,STRUCTURE_NAME,freq,Time frequency,unit,Unit of measure,sex,Sex,indic_he,Health indicator,geo,Geopolitical entity (reporting),TIME_PERIOD,Time,OBS_VALUE,Observation value,OBS_FLAG,Observation status (Flag) V2 structure,CONF_STATUS,Confidentiality status (flag)
dataflow,ESTAT:HLTH_HLYE(1.0),Healthy life years by sex (from 2004 onwards),A,Annual,YR,Year,F,Females,HLY_0,Healthy life years in absolute value at birth,BG,Bulgaria,2015,,65.0,,,,,
dataflow,ESTAT:HLTH_HLYE(1.0),Healthy life years by sex (from 2004 onwards),A,Annual,YR,Year,F,Females,HLY_0,Healthy life years in absolute value at birth,BG,Bulgaria,2016,,67.5,,b,break in time series,,
dataflow,ESTAT:HLTH_HLYE(1.0),Healthy life years by sex (from 2004 onwards),A,Annual,YR,Year,F,Females,HLY_0,Healthy life years in absolute value at birth,BG,Bulgaria,2017,,66.2,,,,,
dataflow,ESTAT:HLTH_HLYE(1.0),Healthy life years by sex (from 2004 onwards),A,Annual,YR,Year,F,Females,HLY_0,Healthy life years in absolute value at birth,BG,Bulgaria,2018,,67.6,,,,,
dataflow,ESTAT:HLTH_HLYE(1.0),Healthy life years by sex (from 2004 onwards),A,Annual,YR,Year,F,Females,HLY_0,Healthy life years in absolute value at birth,BG,Bulgaria,2019,,68.4,,,,,
dataflow,ESTAT:HLTH_HLYE(1.0),Healthy life years by sex (from 2004 onwards),A,Annual,YR,Year,F,Females,HLY_0,Healthy life years in absolute value at birth,BG,Bulgaria,2020,,67.8,,,,,
dataflow,ESTAT:HLTH_HLYE(1.0),Healthy life years by sex (from 2004 onwards),A,Annual,YR,Year,F,Females,HLY_0,Healthy life years in absolute value at birth,BG,Bulgaria,2021,,65.1,,,,,
dataflow,ESTAT:HLTH_HLYE(1.0),Healthy life years by sex (from 2004 onwards),A,Annual,YR,Year,F,Females,HLY_0,Healthy life years in absolute value at birth,BG,Bulgaria,2022,,68.9,,b,break in time series,,
dataflow,ESTAT:HLTH_HLYE(1.0),Healthy life years by sex (from 2004 onwards),A,Annual,YR,Year,F,Females,HLY_0,Healthy life years in absolute value at birth,BG,Bulgaria,2023,,71.0,,,,,
dataflow,ESTAT:HLTH_HLYE(1.0),Healthy life years by sex (from 2004 onwards),A,Annual,YR,Year,F,Females,HLY_0,Healthy life years in absolute value at birth,BG,Bulgaria,2024,,71.4,,,,,
dataflow,ESTAT:HLTH_HLYE(1.0),Healthy life years by sex (from 2004 onwards),A,Annual,YR,Year,F,Females,HLY_0,Healthy life years in absolute value at birth,CH,Switzerland,2015,,57.8,,,,,
dataflow,ESTAT:HLTH_HLYE(1.0),Healthy life years by sex (from 2004 onwards),A,Annual,YR,Year,F,Females,HLY_0,Healthy life years in absolute value at birth,CH,Switzerland,2016,,57.7,,,,,
dataflow,ESTAT:HLTH_HLYE(1.0),Healthy life years by sex (from 2004 onwards),A,Annual,YR,Year,F,Females,HLY_0,Healthy life years in absolute value at birth,CH,Switzerland,2017,,59.4,,,,,
dataflow,ESTAT:HLTH_HLYE(1.0),Healthy life years by sex (from 2004 onwards),A,Annual,YR,Year,F,Females,HLY_0,Healthy life years in absolute value at birth,CH,Switzerland,2018,,59.5,,,,,
dataflow,ESTAT:HLTH_HLYE(1.0),Healthy life years by sex (from 2004 onwards),A,Annual,YR,Year,F,Females,HLY_0,Healthy life years in absolute value at birth,CH,Switzerland,2019,,60.0,,,,,
dataflow,ESTAT:HLTH_HLYE(1.0),Healthy life years by sex (from 2004 onwards),A,Annual,YR,Year,F,Females,HLY_0,Healthy life years in absolute value at birth,CH,Switzerland,2020,,60.7,,,,,
dataflow,ESTAT:HLTH_HLYE(1.0),Healthy life years by sex (from 2004 onwards),A,Annual,YR,Year,F,Females,HLY_0,Healthy life years in absolute value at birth,CH,Switzerland,2021,,59.3,,,,,
dataflow,ESTAT:HLTH_HLYE(1.0),Healthy life years by sex (from 2004 onwards),A,Annual,YR,Year,F,Females,HLY_0,Healthy life years in absolute value at birth,CH,Switzerland,2022,,56.7,,,,,
dataflow,ESTAT:HLTH_HLYE(1.0),Healthy life years by sex (from 2004 onwards),A,Annual,YR,Year,F,Females,HLY_0,Healthy life years in absolute value at birth,CH,Switzerland,2023,,55.4,,,,,
dataflow,ESTAT:HLTH_HLYE(1.0),Healthy life years by sex (from 2004 onwards),A,Annual,YR,Year,F,Females,HLY_0,Healthy life years in absolute value at birth,CH,Switzerland,2024,,56.5,,,,,
dataflow,ESTAT:HLTH_HLYE(1.0),Healthy life years by sex (from 2004 onwards),A,Annual,YR,Year,F,Females,HLY_0,Healthy life years in absolute value at birth,CZ,Czechia,2015,,63.7,,,,,
dataflow,ESTAT:HLTH_HLYE(1.0),Healthy life years by sex (from 2004 onwards),A,Annual,YR,Year,F,Females,HLY_0,Healthy life years in absolute value at birth,CZ,Czechia,2016,,64.0,,,,,
dataflow,ESTAT:HLTH_HLYE(1.0),Healthy life years by sex (from 2004 onwards),A,Annual,YR,Year,F,Females,HLY_0,Healthy life years in absolute value at birth,CZ,Czechia,2017,,62.4,,,,,
dataflow,ESTAT:HLTH_HLYE(1.0),Healthy life years by sex (from 2004 onwards),A,Annual,YR,Year,F,Females,HLY_0,Healthy life years in absolute value at birth,CZ,Czechia,2018,,63.4,,,,,
dataflow,ESTAT:HLTH_HLYE(1.0),Healthy life years by sex (from 2004 onwards),A,Annual,YR,Year,F,Females,HLY_0,Healthy life years in absolute value at birth,CZ,Czechia,2019,,62.6,,,,,
dataflow,ESTAT:HLTH_HLYE(1.0),Healthy life years by sex (from 2004 onwards),A,Annual,YR,Year,F,Females,HLY_0,Healthy life years in absolute value at birth,CZ,Czechia,2020,,62.5,,,,,
dataflow,ESTAT:HLTH_HLYE(1.0),Healthy life years by sex (from 2004 onwards),A,Annual,YR,Year,F,Females,HLY_0,Healthy life years in absolute value at birth,CZ,Czechia,2021,,63.4,,,,,
dataflow,ESTAT:HLTH_HLYE(1.0),Healthy life years by sex (from 2004 onwards),A,Annual,YR,Year,F,Females,HLY_0,Healthy life years in absolute value at birth,CZ,Czechia,2022,,62.4,,,,,
dataflow,ESTAT:HLTH_HLYE(1.0),Healthy life years by sex (from 2004 onwards),A,Annual,YR,Year,F,Females,HLY_0,Healthy life years in absolute value at birth,CZ,Czechia,2023,,62.6,,,,,
dataflow,ESTAT:HLTH_HLYE(1.0),Healthy life years by sex (from 2004 onwards),A,Annual,YR,Year,F,Females,HLY_0,Healthy life years in absolute value at birth,CZ,Czechia,2024,,63.2,,,,,
dataflow,ESTAT:HLTH_HLYE(1.0),Healthy life years by sex (from 2004 onwards),A,Annual,YR,Year,F,Females,HLY_0,Healthy life years in absolute value at birth,DE,Germany,2015,,67.5,,b,break in time series,,
dataflow,ESTAT:HLTH_HLYE(1.0),Healthy life years by sex (from 2004 onwards),A,Annual,YR,Year,F,Females,HLY_0,Healthy life years in absolute value at birth,DE,Germany,2016,,67.3,,,,,
dataflow,ESTAT:HLTH_HLYE(1.0),Healthy life years by sex (from 2004 onwards),A,Annual,YR,Year,F,Females,HLY_0,Healthy life years in absolute value at birth,DE,Germany,2017,,66.7,,,,,
dataflow,ESTAT:HLTH_HLYE(1.0),Healthy life years by sex (from 2004 onwards),A,Annual,YR,Year,F,Females,HLY_0,Healthy life years in absolute value at birth,DE,Germany,2018,,66.3,,,,,
dataflow,ESTAT:HLTH_HLYE(1.0),Healthy life years by sex (from 2004 onwards),A,Annual,YR,Year,F,Females,HLY_0,Healthy life years in absolute value at birth,DE,Germany,2019,,67.1,,,,,
dataflow,ESTAT:HLTH_HLYE(1.0),Healthy life years by sex (from 2004 onwards),A,Annual,YR,Year,F,Females,HLY_0,Healthy life years in absolute value at birth,DE,Germany,2020,,66.8,,b,break in time series,,
dataflow,ESTAT:HLTH_HLYE(1.0),Healthy life years by sex (from 2004 onwards),A,Annual,YR,Year,F,Females,HLY_0,Healthy life years in absolute value at birth,DE,Germany,2021,,66.5,,,,,
dataflow,ESTAT:HLTH_HLYE(1.0),Healthy life years by sex (from 2004 onwards),A,Annual,YR,Year,F,Females,HLY_0,Healthy life years in absolute value at birth,DE,Germany,2022,,61.2,,bu,"break in time series, low reliability",,
dataflow,ESTAT:HLTH_HLYE(1.0),Healthy life years by sex (from 2004 onwards),A,Annual,YR,Year,F,Females,HLY_0,Healthy life years in absolute value at birth,DE,Germany,2023,,63.0,,b,break in time series,,
dataflow,ESTAT:HLTH_HLYE(1.0),Healthy life years by sex (from 2004 onwards),A,Annual,YR,Year,F,Females,HLY_0,Healthy life years in absolute value at birth,DE,Germany,2024,,62.6,,,,,
dataflow,ESTAT:HLTH_HLYE(1.0),Healthy life years by sex (from 2004 onwards),A,Annual,YR,Year,F,Females,HLY_0,Healthy life years in absolute value at birth,FR,France,2015,,64.6,,,,,
dataflow,ESTAT:HLTH_HLYE(1.0),Healthy life years by sex (from 2004 onwards),A,Annual,YR,Year,F,Females,HLY_0,Healthy life years in absolute value at birth,FR,France,2016,,64.1,,,,,
dataflow,ESTAT:HLTH_HLYE(1.0),Healthy life years by sex (from 2004 onwards),A,Annual,YR,Year,F,Females,HLY_0,Healthy life years in absolute value at birth,FR,France,2017,,64.9,,,,,
dataflow,ESTAT:HLTH_HLYE(1.0),Healthy life years by sex (from 2004 onwards),A,Annual,YR,Year,F,Females,HLY_0,Healthy life years in absolute value at birth,FR,France,2018,,64.5,,,,,
dataflow,ESTAT:HLTH_HLYE(1.0),Healthy life years by sex (from 2004 onwards),A,Annual,YR,Year,F,Females,HLY_0,Healthy life years in absolute value at birth,FR,France,2019,,64.6,,,,,
dataflow,ESTAT:HLTH_HLYE(1.0),Healthy life years by sex (from 2004 onwards),A,Annual,YR,Year,F,Females,HLY_0,Healthy life years in absolute value at birth,FR,France,2020,,65.3,,b,break in time series,,
dataflow,ESTAT:HLTH_HLYE(1.0),Healthy life years by sex (from 2004 onwards),A,Annual,YR,Year,F,Females,HLY_0,Healthy life years in absolute value at birth,FR,France,2021,,66.9,,,,,
dataflow,ESTAT:HLTH_HLYE(1.0),Healthy life years by sex (from 2004 onwards),A,Annual,YR,Year,F,Females,HLY_0,Healthy life years in absolute value at birth,FR,France,2022,,65.2,,bp,"break in time series, provisional",,
dataflow,ESTAT:HLTH_HLYE(1.0),Healthy life years by sex (from 2004 onwards),A,Annual,YR,Year,F,Females,HLY_0,Healthy life years in absolute value at birth,FR,France,2023,,64.1,,p,provisional,,
dataflow,ESTAT:HLTH_HLYE(1.0),Healthy life years by sex (from 2004 onwards),A,Annual,YR,Year,F,Females,HLY_0,Healthy life years in absolute value at birth,FR,France,2024,,63.7,,p,provisional,,
dataflow,ESTAT:HLTH_HLYE(1.0),Healthy life years by sex (from 2004 onwards),A,Annual,YR,Year,F,Females,HLY_0,Healthy life years in absolute value at birth,NO,Norway,2015,,68.9,,,,,
dataflow,ESTAT:HLTH_HLYE(1.0),Healthy life years by sex (from 2004 onwards),A,Annual,YR,Year,F,Females,HLY_0,Healthy life years in absolute value at birth,NO,Norway,2016,,67.8,,,,,
dataflow,ESTAT:HLTH_HLYE(1.0),Healthy life years by sex (from 2004 onwards),A,Annual,YR,Year,F,Females,HLY_0,Healthy life years in absolute value at birth,NO,Norway,2017,,70.0,,,,,
dataflow,ESTAT:HLTH_HLYE(1.0),Healthy life years by sex (from 2004 onwards),A,Annual,YR,Year,F,Females,HLY_0,Healthy life years in absolute value at birth,NO,Norway,2018,,69.1,,,,,
dataflow,ESTAT:HLTH_HLYE(1.0),Healthy life years by sex (from 2004 onwards),A,Annual,YR,Year,F,Females,HLY_0,Healthy life years in absolute value at birth,NO,Norway,2019,,68.1,,,,,
dataflow,ESTAT:HLTH_HLYE(1.0),Healthy life years by sex (from 2004 onwards),A,Annual,YR,Year,F,Females,HLY_0,Healthy life years in absolute value at birth,NO,Norway,2020,,66.7,,,,,
dataflow,ESTAT:HLTH_HLYE(1.0),Healthy life years by sex (from 2004 onwards),A,Annual,YR,Year,F,Females,HLY_0,Healthy life years in absolute value at birth,NO,Norway,2022,,64.8,,,,,
dataflow,ESTAT:HLTH_HLYE(1.0),Healthy life years by sex (from 2004 onwards),A,Annual,YR,Year,F,Females,HLY_0,Healthy life years in absolute value at birth,NO,Norway,2023,,62.9,,b,break in time series,,
dataflow,ESTAT:HLTH_HLYE(1.0),Healthy life years by sex (from 2004 onwards),A,Annual,YR,Year,F,Females,HLY_0,Healthy life years in absolute value at birth,NO,Norway,2024,,62.3,,,,,
dataflow,ESTAT:HLTH_HLYE(1.0),Healthy life years by sex (from 2004 onwards),A,Annual,YR,Year,F,Females,HLY_0,Healthy life years in absolute value at birth,PL,Poland,2015,,63.2,,,,,
dataflow,ESTAT:HLTH_HLYE(1.0),Healthy life years by sex (from 2004 onwards),A,Annual,YR,Year,F,Females,HLY_0,Healthy life years in absolute value at birth,PL,Poland,2016,,64.6,,,,,
dataflow,ESTAT:HLTH_HLYE(1.0),Healthy life years by sex (from 2004 onwards),A,Annual,YR,Year,F,Females,HLY_0,Healthy life years in absolute value at birth,PL,Poland,2017,,63.5,,,,,
dataflow,ESTAT:HLTH_HLYE(1.0),Healthy life years by sex (from 2004 onwards),A,Annual,YR,Year,F,Females,HLY_0,Healthy life years in absolute value at birth,PL,Poland,2018,,64.3,,,,,
dataflow,ESTAT:HLTH_HLYE(1.0),Healthy life years by sex (from 2004 onwards),A,Annual,YR,Year,F,Females,HLY_0,Healthy life years in absolute value at birth,PL,Poland,2019,,64.1,,,,,
dataflow,ESTAT:HLTH_HLYE(1.0),Healthy life years by sex (from 2004 onwards),A,Annual,YR,Year,F,Females,HLY_0,Healthy life years in absolute value at birth,PL,Poland,2020,,64.3,,,,,
dataflow,ESTAT:HLTH_HLYE(1.0),Healthy life years by sex (from 2004 onwards),A,Annual,YR,Year,F,Females,HLY_0,Healthy life years in absolute value at birth,PL,Poland,2021,,64.6,,,,,
dataflow,ESTAT:HLTH_HLYE(1.0),Healthy life years by sex (from 2004 onwards),A,Annual,YR,Year,F,Females,HLY_0,Healthy life years in absolute value at birth,PL,Poland,2022,,64.1,,b,break in time series,,
dataflow,ESTAT:HLTH_HLYE(1.0),Healthy life years by sex (from 2004 onwards),A,Annual,YR,Year,F,Females,HLY_0,Healthy life years in absolute value at birth,PL,Poland,2023,,64.4,,ep,"estimated, provisional",,
dataflow,ESTAT:HLTH_HLYE(1.0),Healthy life years by sex (from 2004 onwards),A,Annual,YR,Year,F,Females,HLY_0,Healthy life years in absolute value at birth,PL,Poland,2024,,66.2,,,,,
dataflow,ESTAT:HLTH_HLYE(1.0),Healthy life years by sex (from 2004 onwards),A,Annual,YR,Year,F,Females,HLY_0,Healthy life years in absolute value at birth,RO,Romania,2015,,59.3,,,,,
dataflow,ESTAT:HLTH_HLYE(1.0),Healthy life years by sex (from 2004 onwards),A,Annual,YR,Year,F,Females,HLY_0,Healthy life years in absolute value at birth,RO,Romania,2016,,59.0,,,,,
dataflow,ESTAT:HLTH_HLYE(1.0),Healthy life years by sex (from 2004 onwards),A,Annual,YR,Year,F,Females,HLY_0,Healthy life years in absolute value at birth,RO,Romania,2017,,58.3,,,,,
dataflow,ESTAT:HLTH_HLYE(1.0),Healthy life years by sex (from 2004 onwards),A,Annual,YR,Year,F,Females,HLY_0,Healthy life years in absolute value at birth,RO,Romania,2018,,59.6,,,,,
dataflow,ESTAT:HLTH_HLYE(1.0),Healthy life years by sex (from 2004 onwards),A,Annual,YR,Year,F,Females,HLY_0,Healthy life years in absolute value at birth,RO,Romania,2019,,60.6,,,,,
dataflow,ESTAT:HLTH_HLYE(1.0),Healthy life years by sex (from 2004 onwards),A,Annual,YR,Year,F,Females,HLY_0,Healthy life years in absolute value at birth,RO,Romania,2020,,60.5,,,,,
dataflow,ESTAT:HLTH_HLYE(1.0),Healthy life years by sex (from 2004 onwards),A,Annual,YR,Year,F,Females,HLY_0,Healthy life years in absolute value at birth,RO,Romania,2021,,58.2,,,,,
dataflow,ESTAT:HLTH_HLYE(1.0),Healthy life years by sex (from 2004 onwards),A,Annual,YR,Year,F,Females,HLY_0,Healthy life years in absolute value at birth,RO,Romania,2022,,59.3,,e,estimated,,
dataflow,ESTAT:HLTH_HLYE(1.0),Healthy life years by sex (from 2004 onwards),A,Annual,YR,Year,F,Females,HLY_0,Healthy life years in absolute value at birth,RO,Romania,2023,,58.9,,e,estimated,,
dataflow,ESTAT:HLTH_HLYE(1.0),Healthy life years by sex (from 2004 onwards),A,Annual,YR,Year,F,Females,HLY_0,Healthy life years in absolute value at birth,RO,Romania,2024,,65.9,,be,"break in time series, estimated",,
dataflow,ESTAT:HLTH_HLYE(1.0),Healthy life years by sex (from 2004 onwards),A,Annual,YR,Year,M,Males,HLY_0,Healthy life years in absolute value at birth,BG,Bulgaria,2015,,61.5,,,,,
dataflow,ESTAT:HLTH_HLYE(1.0),Healthy life years by sex (from 2004 onwards),A,Annual,YR,Year,M,Males,HLY_0,Healthy life years in absolute value at birth,BG,Bulgaria,2016,,64.0,,b,break in time series,,
dataflow,ESTAT:HLTH_HLYE(1.0),Healthy life years by sex (from 2004 onwards),A,Annual,YR,Year,M,Males,HLY_0,Healthy life years in absolute value at birth,BG,Bulgaria,2017,,62.9,,,,,
dataflow,ESTAT:HLTH_HLYE(1.0),Healthy life years by sex (from 2004 onwards),A,Annual,YR,Year,M,Males,HLY_0,Healthy life years in absolute value at birth,BG,Bulgaria,2018,,64.0,,,,,
dataflow,ESTAT:HLTH_HLYE(1.0),Healthy life years by sex (from 2004 onwards),A,Annual,YR,Year,M,Males,HLY_0,Healthy life years in absolute value at birth,BG,Bulgaria,2019,,64.4,,,,,
dataflow,ESTAT:HLTH_HLYE(1.0),Healthy life years by sex (from 2004 onwards),A,Annual,YR,Year,M,Males,HLY_0,Healthy life years in absolute value at birth,BG,Bulgaria,2020,,63.6,,,,,
dataflow,ESTAT:HLTH_HLYE(1.0),Healthy life years by sex (from 2004 onwards),A,Annual,YR,Year,M,Males,HLY_0,Healthy life years in absolute value at birth,BG,Bulgaria,2021,,61.6,,,,,
dataflow,ESTAT:HLTH_HLYE(1.0),Healthy life years by sex (from 2004 onwards),A,Annual,YR,Year,M,Males,HLY_0,Healthy life years in absolute value at birth,BG,Bulgaria,2022,,64.5,,b,break in time series,,
dataflow,ESTAT:HLTH_HLYE(1.0),Healthy life years by sex (from 2004 onwards),A,Annual,YR,Year,M,Males,HLY_0,Healthy life years in absolute value at birth,BG,Bulgaria,2023,,66.3,,,,,
dataflow,ESTAT:HLTH_HLYE(1.0),Healthy life years by sex (from 2004 onwards),A,Annual,YR,Year,M,Males,HLY_0,Healthy life years in absolute value at birth,BG,Bulgaria,2024,,66.8,,,,,
dataflow,ESTAT:HLTH_HLYE(1.0),Healthy life years by sex (from 2004 onwards),A,Annual,YR,Year,M,Males,HLY_0,Healthy life years in absolute value at birth,CH,Switzerland,2015,,61.1,,,,,
dataflow,ESTAT:HLTH_HLYE(1.0),Healthy life years by sex (from 2004 onwards),A,Annual,YR,Year,M,Males,HLY_0,Healthy life years in absolute value at birth,CH,Switzerland,2016,,61.0,,,,,
dataflow,ESTAT:HLTH_HLYE(1.0),Healthy life years by sex (from 2004 onwards),A,Annual,YR,Year,M,Males,HLY_0,Healthy life years in absolute value at birth,CH,Switzerland,2017,,61.8,,,,,
dataflow,ESTAT:HLTH_HLYE(1.0),Healthy life years by sex (from 2004 onwards),A,Annual,YR,Year,M,Males,HLY_0,Healthy life years in absolute value at birth,CH,Switzerland,2018,,61.5,,,,,
dataflow,ESTAT:HLTH_HLYE(1.0),Healthy life years by sex (from 2004 onwards),A,Annual,YR,Year,M,Males,HLY_0,Healthy life years in absolute value at birth,CH,Switzerland,2019,,61.0,,,,,
dataflow,ESTAT:HLTH_HLYE(1.0),Healthy life years by sex (from 2004 onwards),A,Annual,YR,Year,M,Males,HLY_0,Healthy life years in absolute value at birth,CH,Switzerland,2020,,62.2,,,,,
dataflow,ESTAT:HLTH_HLYE(1.0),Healthy life years by sex (from 2004 onwards),A,Annual,YR,Year,M,Males,HLY_0,Healthy life years in absolute value at birth,CH,Switzerland,2021,,63.2,,,,,
dataflow,ESTAT:HLTH_HLYE(1.0),Healthy life years by sex (from 2004 onwards),A,Annual,YR,Year,M,Males,HLY_0,Healthy life years in absolute value at birth,CH,Switzerland,2022,,61.4,,,,,
dataflow,ESTAT:HLTH_HLYE(1.0),Healthy life years by sex (from 2004 onwards),A,Annual,YR,Year,M,Males,HLY_0,Healthy life years in absolute value at birth,CH,Switzerland,2023,,59.6,,,,,
dataflow,ESTAT:HLTH_HLYE(1.0),Healthy life years by sex (from 2004 onwards),A,Annual,YR,Year,M,Males,HLY_0,Healthy life years in absolute value at birth,CH,Switzerland,2024,,59.4,,,,,
dataflow,ESTAT:HLTH_HLYE(1.0),Healthy life years by sex (from 2004 onwards),A,Annual,YR,Year,M,Males,HLY_0,Healthy life years in absolute value at birth,CZ,Czechia,2015,,62.4,,,,,
dataflow,ESTAT:HLTH_HLYE(1.0),Healthy life years by sex (from 2004 onwards),A,Annual,YR,Year,M,Males,HLY_0,Healthy life years in absolute value at birth,CZ,Czechia,2016,,62.7,,,,,
dataflow,ESTAT:HLTH_HLYE(1.0),Healthy life years by sex (from 2004 onwards),A,Annual,YR,Year,M,Males,HLY_0,Healthy life years in absolute value at birth,CZ,Czechia,2017,,60.6,,,,,
dataflow,ESTAT:HLTH_HLYE(1.0),Healthy life years by sex (from 2004 onwards),A,Annual,YR,Year,M,Males,HLY_0,Healthy life years in absolute value at birth,CZ,Czechia,2018,,62.2,,,,,
dataflow,ESTAT:HLTH_HLYE(1.0),Healthy life years by sex (from 2004 onwards),A,Annual,YR,Year,M,Males,HLY_0,Healthy life years in absolute value at birth,CZ,Czechia,2019,,61.7,,,,,
dataflow,ESTAT:HLTH_HLYE(1.0),Healthy life years by sex (from 2004 onwards),A,Annual,YR,Year,M,Males,HLY_0,Healthy life years in absolute value at birth,CZ,Czechia,2020,,60.9,,,,,
dataflow,ESTAT:HLTH_HLYE(1.0),Healthy life years by sex (from 2004 onwards),A,Annual,YR,Year,M,Males,HLY_0,Healthy life years in absolute value at birth,CZ,Czechia,2021,,60.7,,,,,
dataflow,ESTAT:HLTH_HLYE(1.0),Healthy life years by sex (from 2004 onwards),A,Annual,YR,Year,M,Males,HLY_0,Healthy life years in absolute value at birth,CZ,Czechia,2022,,61.2,,,,,
dataflow,ESTAT:HLTH_HLYE(1.0),Healthy life years by sex (from 2004 onwards),A,Annual,YR,Year,M,Males,HLY_0,Healthy life years in absolute value at birth,CZ,Czechia,2023,,61.5,,,,,
dataflow,ESTAT:HLTH_HLYE(1.0),Healthy life years by sex (from 2004 onwards),A,Annual,YR,Year,M,Males,HLY_0,Healthy life years in absolute value at birth,CZ,Czechia,2024,,61.7,,,,,
dataflow,ESTAT:HLTH_HLYE(1.0),Healthy life years by sex (from 2004 onwards),A,Annual,YR,Year,M,Males,HLY_0,Healthy life years in absolute value at birth,DE,Germany,2015,,65.3,,b,break in time series,,
dataflow,ESTAT:HLTH_HLYE(1.0),Healthy life years by sex (from 2004 onwards),A,Annual,YR,Year,M,Males,HLY_0,Healthy life years in absolute value at birth,DE,Germany,2016,,65.3,,,,,
dataflow,ESTAT:HLTH_HLYE(1.0),Healthy life years by sex (from 2004 onwards),A,Annual,YR,Year,M,Males,HLY_0,Healthy life years in absolute value at birth,DE,Germany,2017,,65.1,,,,,
dataflow,ESTAT:HLTH_HLYE(1.0),Healthy life years by sex (from 2004 onwards),A,Annual,YR,Year,M,Males,HLY_0,Healthy life years in absolute value at birth,DE,Germany,2018,,65.1,,,,,
dataflow,ESTAT:HLTH_HLYE(1.0),Healthy life years by sex (from 2004 onwards),A,Annual,YR,Year,M,Males,HLY_0,Healthy life years in absolute value at birth,DE,Germany,2019,,65.4,,,,,
dataflow,ESTAT:HLTH_HLYE(1.0),Healthy life years by sex (from 2004 onwards),A,Annual,YR,Year,M,Males,HLY_0,Healthy life years in absolute value at birth,DE,Germany,2020,,64.7,,b,break in time series,,
dataflow,ESTAT:HLTH_HLYE(1.0),Healthy life years by sex (from 2004 onwards),A,Annual,YR,Year,M,Males,HLY_0,Healthy life years in absolute value at birth,DE,Germany,2021,,64.7,,,,,
dataflow,ESTAT:HLTH_HLYE(1.0),Healthy life years by sex (from 2004 onwards),A,Annual,YR,Year,M,Males,HLY_0,Healthy life years in absolute value at birth,DE,Germany,2022,,60.9,,bu,"break in time series, low reliability",,
dataflow,ESTAT:HLTH_HLYE(1.0),Healthy life years by sex (from 2004 onwards),A,Annual,YR,Year,M,Males,HLY_0,Healthy life years in absolute value at birth,DE,Germany,2023,,62.1,,b,break in time series,,
dataflow,ESTAT:HLTH_HLYE(1.0),Healthy life years by sex (from 2004 onwards),A,Annual,YR,Year,M,Males,HLY_0,Healthy life years in absolute value at birth,DE,Germany,2024,,62.1,,,,,
dataflow,ESTAT:HLTH_HLYE(1.0),Healthy life years by sex (from 2004 onwards),A,Annual,YR,Year,M,Males,HLY_0,Healthy life years in absolute value at birth,FR,France,2015,,62.6,,,,,
dataflow,ESTAT:HLTH_HLYE(1.0),Healthy life years by sex (from 2004 onwards),A,Annual,YR,Year,M,Males,HLY_0,Healthy life years in absolute value at birth,FR,France,2016,,62.6,,,,,
dataflow,ESTAT:HLTH_HLYE(1.0),Healthy life years by sex (from 2004 onwards),A,Annual,YR,Year,M,Males,HLY_0,Healthy life years in absolute value at birth,FR,France,2017,,62.5,,,,,
dataflow,ESTAT:HLTH_HLYE(1.0),Healthy life years by sex (from 2004 onwards),A,Annual,YR,Year,M,Males,HLY_0,Healthy life years in absolute value at birth,FR,France,2018,,63.4,,,,,
dataflow,ESTAT:HLTH_HLYE(1.0),Healthy life years by sex (from 2004 onwards),A,Annual,YR,Year,M,Males,HLY_0,Healthy life years in absolute value at birth,FR,France,2019,,63.7,,,,,
dataflow,ESTAT:HLTH_HLYE(1.0),Healthy life years by sex (from 2004 onwards),A,Annual,YR,Year,M,Males,HLY_0,Healthy life years in absolute value at birth,FR,France,2020,,63.9,,b,break in time series,,
dataflow,ESTAT:HLTH_HLYE(1.0),Healthy life years by sex (from 2004 onwards),A,Annual,YR,Year,M,Males,HLY_0,Healthy life years in absolute value at birth,FR,France,2021,,65.5,,,,,
dataflow,ESTAT:HLTH_HLYE(1.0),Healthy life years by sex (from 2004 onwards),A,Annual,YR,Year,M,Males,HLY_0,Healthy life years in absolute value at birth,FR,France,2022,,63.7,,bp,"break in time series, provisional",,
dataflow,ESTAT:HLTH_HLYE(1.0),Healthy life years by sex (from 2004 onwards),A,Annual,YR,Year,M,Males,HLY_0,Healthy life years in absolute value at birth,FR,France,2023,,63.5,,p,provisional,,
dataflow,ESTAT:HLTH_HLYE(1.0),Healthy life years by sex (from 2004 onwards),A,Annual,YR,Year,M,Males,HLY_0,Healthy life years in absolute value at birth,FR,France,2024,,63.5,,p,provisional,,
dataflow,ESTAT:HLTH_HLYE(1.0),Healthy life years by sex (from 2004 onwards),A,Annual,YR,Year,M,Males,HLY_0,Healthy life years in absolute value at birth,NO,Norway,2015,,71.8,,,,,
dataflow,ESTAT:HLTH_HLYE(1.0),Healthy life years by sex (from 2004 onwards),A,Annual,YR,Year,M,Males,HLY_0,Healthy life years in absolute value at birth,NO,Norway,2016,,72.0,,,,,
dataflow,ESTAT:HLTH_HLYE(1.0),Healthy life years by sex (from 2004 onwards),A,Annual,YR,Year,M,Males,HLY_0,Healthy life years in absolute value at birth,NO,Norway,2017,,71.8,,,,,
dataflow,ESTAT:HLTH_HLYE(1.0),Healthy life years by sex (from 2004 onwards),A,Annual,YR,Year,M,Males,HLY_0,Healthy life years in absolute value at birth,NO,Norway,2018,,71.7,,,,,
dataflow,ESTAT:HLTH_HLYE(1.0),Healthy life years by sex (from 2004 onwards),A,Annual,YR,Year,M,Males,HLY_0,Healthy life years in absolute value at birth,NO,Norway,2019,,71.2,,,,,
dataflow,ESTAT:HLTH_HLYE(1.0),Healthy life years by sex (from 2004 onwards),A,Annual,YR,Year,M,Males,HLY_0,Healthy life years in absolute value at birth,NO,Norway,2020,,70.5,,,,,
dataflow,ESTAT:HLTH_HLYE(1.0),Healthy life years by sex (from 2004 onwards),A,Annual,YR,Year,M,Males,HLY_0,Healthy life years in absolute value at birth,NO,Norway,2022,,69.8,,,,,
dataflow,ESTAT:HLTH_HLYE(1.0),Healthy life years by sex (from 2004 onwards),A,Annual,YR,Year,M,Males,HLY_0,Healthy life years in absolute value at birth,NO,Norway,2023,,66.9,,b,break in time series,,
dataflow,ESTAT:HLTH_HLYE(1.0),Healthy life years by sex (from 2004 onwards),A,Annual,YR,Year,M,Males,HLY_0,Healthy life years in absolute value at birth,NO,Norway,2024,,67.0,,,,,
dataflow,ESTAT:HLTH_HLYE(1.0),Healthy life years by sex (from 2004 onwards),A,Annual,YR,Year,M,Males,HLY_0,Healthy life years in absolute value at birth,PL,Poland,2015,,60.1,,,,,
dataflow,ESTAT:HLTH_HLYE(1.0),Healthy life years by sex (from 2004 onwards),A,Annual,YR,Year,M,Males,HLY_0,Healthy life years in absolute value at birth,PL,Poland,2016,,61.3,,,,,
dataflow,ESTAT:HLTH_HLYE(1.0),Healthy life years by sex (from 2004 onwards),A,Annual,YR,Year,M,Males,HLY_0,Healthy life years in absolute value at birth,PL,Poland,2017,,60.6,,,,,
dataflow,ESTAT:HLTH_HLYE(1.0),Healthy life years by sex (from 2004 onwards),A,Annual,YR,Year,M,Males,HLY_0,Healthy life years in absolute value at birth,PL,Poland,2018,,60.5,,,,,
dataflow,ESTAT:HLTH_HLYE(1.0),Healthy life years by sex (from 2004 onwards),A,Annual,YR,Year,M,Males,HLY_0,Healthy life years in absolute value at birth,PL,Poland,2019,,60.9,,,,,
dataflow,ESTAT:HLTH_HLYE(1.0),Healthy life years by sex (from 2004 onwards),A,Annual,YR,Year,M,Males,HLY_0,Healthy life years in absolute value at birth,PL,Poland,2020,,60.3,,,,,
dataflow,ESTAT:HLTH_HLYE(1.0),Healthy life years by sex (from 2004 onwards),A,Annual,YR,Year,M,Males,HLY_0,Healthy life years in absolute value at birth,PL,Poland,2021,,60.7,,,,,
dataflow,ESTAT:HLTH_HLYE(1.0),Healthy life years by sex (from 2004 onwards),A,Annual,YR,Year,M,Males,HLY_0,Healthy life years in absolute value at birth,PL,Poland,2022,,60.8,,b,break in time series,,
dataflow,ESTAT:HLTH_HLYE(1.0),Healthy life years by sex (from 2004 onwards),A,Annual,YR,Year,M,Males,HLY_0,Healthy life years in absolute value at birth,PL,Poland,2023,,61.7,,ep,"estimated, provisional",,
dataflow,ESTAT:HLTH_HLYE(1.0),Healthy life years by sex (from 2004 onwards),A,Annual,YR,Year,M,Males,HLY_0,Healthy life years in absolute value at birth,PL,Poland,2024,,63.2,,,,,
dataflow,ESTAT:HLTH_HLYE(1.0),Healthy life years by sex (from 2004 onwards),A,Annual,YR,Year,M,Males,HLY_0,Healthy life years in absolute value at birth,RO,Romania,2015,,59.0,,,,,
dataflow,ESTAT:HLTH_HLYE(1.0),Healthy life years by sex (from 2004 onwards),A,Annual,YR,Year,M,Males,HLY_0,Healthy life years in absolute value at birth,RO,Romania,2016,,59.8,,,,,
dataflow,ESTAT:HLTH_HLYE(1.0),Healthy life years by sex (from 2004 onwards),A,Annual,YR,Year,M,Males,HLY_0,Healthy life years in absolute value at birth,RO,Romania,2017,,59.1,,,,,
dataflow,ESTAT:HLTH_HLYE(1.0),Healthy life years by sex (from 2004 onwards),A,Annual,YR,Year,M,Males,HLY_0,Healthy life years in absolute value at birth,RO,Romania,2018,,59.2,,,,,
dataflow,ESTAT:HLTH_HLYE(1.0),Healthy life years by sex (from 2004 onwards),A,Annual,YR,Year,M,Males,HLY_0,Healthy life years in absolute value at birth,RO,Romania,2019,,59.9,,,,,
dataflow,ESTAT:HLTH_HLYE(1.0),Healthy life years by sex (from 2004 onwards),A,Annual,YR,Year,M,Males,HLY_0,Healthy life years in absolute value at birth,RO,Romania,2020,,59.3,,,,,
dataflow,ESTAT:HLTH_HLYE(1.0),Healthy life years by sex (from 2004 onwards),A,Annual,YR,Year,M,Males,HLY_0,Healthy life years in absolute value at birth,RO,Romania,2021,,57.3,,,,,
dataflow,ESTAT:HLTH_HLYE(1.0),Healthy life years by sex (from 2004 onwards),A,Annual,YR,Year,M,Males,HLY_0,Healthy life years in absolute value at birth,RO,Romania,2022,,58.7,,e,estimated,,
dataflow,ESTAT:HLTH_HLYE(1.0),Healthy life years by sex (from 2004 onwards),A,Annual,YR,Year,M,Males,HLY_0,Healthy life years in absolute value at birth,RO,Romania,2023,,59.4,,e,estimated,,
dataflow,ESTAT:HLTH_HLYE(1.0),Healthy life years by sex (from 2004 onwards),A,Annual,YR,Year,M,Males,HLY_0,Healthy life years in absolute value at birth,RO,Romania,2024,,64.0,,be,"break in time series, estimated",,
