country,sex,year,pop_total,le_birth,hly_birth,poor_pp,poor_py
BG,F,2006,3914757.0,76.3,71.9,4.3999999999999915,17224930.799999967
BG,F,2007,3886094.0,76.6,73.9,2.6999999999999886,10492453.799999956
BG,F,2008,3857635.0,77.0,65.7,11.299999999999997,43591275.49999999
BG,F,2009,3831264.0,77.4,65.8,11.600000000000009,44442662.400000036
BG,F,2010,3807808.0,77.4,67.1,10.300000000000011,39220422.40000004
BG,F,2011,3780505.0,77.8,65.9,11.899999999999991,44988009.49999997
BG,F,2012,3760457.0,77.9,65.7,12.200000000000003,45877575.40000001
BG,F,2013,3701945.0,78.6,66.6,12.0,44423340.0
BG,F,2014,3662824.0,78.0,66.1,11.900000000000006,43587605.600000024
BG,F,2015,3621883.0,78.2,65.0,13.200000000000003,47808855.60000001
BG,F,2016,3578998.0,78.5,67.5,11.0,39368978.0
BG,F,2017,3537549.0,78.4,66.2,12.200000000000003,43158097.80000001
BG,F,2018,3494184.0,78.6,67.6,11.0,38436024.0
BG,F,2019,3450251.0,78.8,68.4,10.399999999999991,35882610.39999997
BG,F,2020,3405861.0,77.5,67.8,9.700000000000003,33036851.70000001
BG,F,2021,3389807.0,75.1,65.1,10.0,33898070.0
BG,F,2022,3364303.0,77.9,68.9,9.0,30278727.0
BG,F,2023,3348207.0,79.7,71.0,8.700000000000003,29129400.90000001
BG,F,2024,3347783.0,79.5,71.4,8.099999999999994,27117042.299999982
BG,M,2006,3714614.0,69.2,66.2,3.0,11143842.0
BG,M,2007,3686579.0,69.5,67.1,2.4000000000000057,8847789.60000002
BG,M,2008,3660367.0,69.8,62.1,7.699999999999996,28184825.899999984
BG,M,2009,3635855.0,70.2,62.1,8.100000000000001,29450425.500000004
BG,M,2010,3613958.0,70.3,63.0,7.299999999999997,26381893.39999999
BG,M,2011,3588926.0,70.7,62.1,8.600000000000001,30864763.600000005
BG,M,2012,3566767.0,70.9,62.1,8.800000000000004,31387549.600000016
BG,M,2013,3500611.0,71.3,62.4,8.899999999999999,31155437.899999995
BG,M,2014,3454629.0,71.1,62.0,9.099999999999994,31437123.89999998
BG,M,2015,3407807.0,71.2,61.5,9.700000000000003,33055727.90000001
BG,M,2016,3359761.0,71.3,64.0,7.299999999999997,24526255.29999999
BG,M,2017,3311969.0,71.4,62.9,8.500000000000007,28151736.500000022
BG,M,2018,3263234.0,71.5,64.0,7.5,24474255.0
BG,M,2019,3213926.0,71.6,64.4,7.199999999999989,23140267.199999962
BG,M,2020,3163414.0,70.0,63.6,6.399999999999999,20245849.599999994
BG,M,2021,3142310.0,68.0,61.6,6.399999999999999,20110783.999999996
BG,M,2022,3118181.0,70.6,64.5,6.099999999999994,19020904.099999983
BG,M,2023,3099503.0,72.0,66.3,5.700000000000003,17667167.10000001
BG,M,2024,3097698.0,72.2,66.8,5.400000000000006,16727569.200000018
CH,F,2007,3829380.0,84.4,63.6,20.800000000000004,79651104.00000001
CH,F,2008,3866480.0,84.6,64.6,20.0,77329600.0
CH,F,2009,3915181.0,84.6,63.0,21.599999999999994,84567909.59999998
CH,F,2010,3955240.0,84.9,63.3,21.60000000000001,85433184.00000003
CH,F,2011,3992708.0,85.0,64.7,20.299999999999997,81051972.39999999
CH,F,2012,4032409.0,84.9,67.6,17.30000000000001,69760675.70000005
CH,F,2013,4070536.0,85.0,58.4,26.6,108276257.60000001
CH,F,2014,4117540.0,85.4,56.7,28.700000000000003,118173398.00000001
CH,F,2015,4163786.0,85.1,57.8,27.299999999999997,113671357.79999998
CH,F,2016,4205655.0,85.6,57.7,27.89999999999999,117337774.49999997
CH,F,2017,4246113.0,85.6,59.4,26.199999999999996,111248160.59999998
CH,F,2018,4277696.0,85.7,59.5,26.200000000000003,112075635.20000002
CH,F,2019,4307406.0,85.8,60.0,25.799999999999997,111131074.79999998
CH,F,2020,4337170.0,85.1,60.7,24.39999999999999,105826947.99999997
CH,F,2021,4367701.0,85.8,59.3,26.5,115744076.5
CH,F,2022,4400588.0,85.5,56.7,28.799999999999997,126736934.39999999
CH,F,2023,4435432.0,86.0,55.4,30.6,135724219.20000002
CH,F,2024,4510726.0,85.9,56.5,29.400000000000006,132615344.40000002
CH,M,2007,3679359.0,79.5,65.3,14.200000000000003,52246897.80000001
CH,M,2008,3727014.0,79.8,65.7,14.099999999999994,52550897.399999976
CH,M,2009,3786675.0,79.9,65.2,14.700000000000003,55664122.50000001
CH,M,2010,3830566.0,80.3,65.5,14.799999999999997,56692376.79999999
CH,M,2011,3877426.0,80.5,66.3,14.200000000000003,55059449.20000001
CH,M,2012,3922253.0,80.6,68.6,12.0,47067036.0
CH,M,2013,3968524.0,80.7,61.5,19.200000000000003,76195660.80000001
CH,M,2014,4022091.0,81.1,60.6,20.499999999999993,82452865.49999997
CH,M,2015,4073880.0,80.8,61.1,19.699999999999996,80255435.99999999
CH,M,2016,4121471.0,81.7,61.0,20.700000000000003,85314449.70000002
CH,M,2017,4173437.0,81.6,61.8,19.799999999999997,82634052.6
CH,M,2018,4206434.0,81.9,61.5,20.400000000000006,85811253.60000002
CH,M,2019,4237121.0,82.1,61.0,21.099999999999994,89403253.09999998
CH,M,2020,4268863.0,81.0,62.2,18.799999999999997,80254624.39999999
CH,M,2021,4302599.0,81.8,63.2,18.599999999999994,80028341.39999998
CH,M,2022,4338203.0,81.8,61.4,20.4,88499341.19999999
CH,M,2023,4379953.0,82.4,59.6,22.800000000000004,99862928.40000002
CH,M,2024,4451532.0,82.4,59.4,23.000000000000007,102385236.00000003
CZ,F,2005,5228199.0,79.2,60.0,19.200000000000003,100381420.80000001
CZ,F,2006,5233925.0,79.9,59.9,20.000000000000007,104678500.00000003
CZ,F,2007,5243638.0,80.2,63.3,16.900000000000006,88617482.20000003
CZ,F,2008,5278305.0,80.5,63.4,17.1,90259015.50000001
CZ,F,2009,5309105.0,80.5,62.7,17.799999999999997,94502068.99999999
CZ,F,2010,5325922.0,80.9,64.5,16.400000000000006,87345120.80000003
CZ,F,2011,5339500.0,81.1,63.6,17.499999999999993,93441249.99999996
CZ,F,2012,5347235.0,81.2,64.1,17.10000000000001,91437718.50000004
CZ,F,2013,5351776.0,81.3,64.2,17.099999999999994,91515369.59999996
CZ,F,2014,5350039.0,82.0,65.0,17.0,90950663.0
CZ,F,2015,5361348.0,81.6,63.7,17.89999999999999,95968129.19999996
CZ,F,2016,5367513.0,82.1,64.0,18.099999999999994,97151985.29999997
CZ,F,2017,5378133.0,82.0,62.4,19.6,105411406.80000001
CZ,F,2018,5390264.0,82.0,63.4,18.6,100258910.4
CZ,F,2019,5405606.0,82.2,62.6,19.6,105949877.60000001
CZ,F,2020,5421943.0,81.3,62.5,18.799999999999997,101932528.39999999
CZ,F,2021,5323934.0,80.5,63.4,17.1,91039271.4
CZ,F,2022,5332932.0,81.9,62.4,19.500000000000007,103992174.00000004
CZ,F,2023,5519006.0,82.9,62.6,20.300000000000004,112035821.80000003
CZ,F,2024,5557945.0,83.0,63.2,19.799999999999997,110047310.99999999
CZ,M,2005,4970656.0,72.9,58.0,14.900000000000006,74062774.40000002
CZ,M,2006,4989652.0,73.5,57.9,15.600000000000001,77838571.2
CZ,M,2007,5010595.0,73.8,61.4,12.399999999999999,62131377.99999999
CZ,M,2008,5065117.0,74.1,61.3,12.799999999999997,64833497.59999999
CZ,M,2009,5116678.0,74.3,61.1,13.199999999999996,67540149.59999998
CZ,M,2010,5136166.0,74.5,62.2,12.299999999999997,63174841.79999998
CZ,M,2011,5147231.0,74.8,62.2,12.599999999999994,64855110.59999997
CZ,M,2012,5158210.0,75.1,62.3,12.799999999999997,66025087.999999985
CZ,M,2013,5164349.0,75.2,62.5,12.700000000000003,65587232.30000001
CZ,M,2014,5162380.0,75.8,63.4,12.399999999999999,64013511.99999999
CZ,M,2015,5176927.0,75.7,62.4,13.300000000000004,68853129.10000002
CZ,M,2016,5186330.0,76.1,62.7,13.399999999999991,69496821.99999996
CZ,M,2017,5200687.0,76.1,60.6,15.499999999999993,80610648.49999997
CZ,M,2018,5219791.0,76.2,62.2,14.0,73077074.0
CZ,M,2019,5244194.0,76.4,61.7,14.700000000000003,77089651.80000001
CZ,M,2020,5271996.0,75.3,60.9,14.399999999999999,75916742.39999999
CZ,M,2021,5170902.0,74.1,60.7,13.399999999999991,69290086.79999995
CZ,M,2022,5183775.0,76.1,61.2,14.899999999999991,77238247.49999996
CZ,M,2023,5308523.0,76.9,61.5,15.400000000000006,81751254.20000003
CZ,M,2024,5342610.0,77.1,61.7,15.399999999999991,82276193.99999996
DE,F,2005,42147222.0,82.0,54.8,27.200000000000003,1146404438.4
DE,F,2006,42098034.0,82.4,58.3,24.10000000000001,1014562619.4000003
DE,F,2007,42013740.0,82.7,58.6,24.1,1012531134.0000001
DE,F,2008,41943545.0,82.7,57.7,25.0,1048588625.0
DE,F,2009,41818073.0,82.8,58.1,24.699999999999996,1032906403.0999998
DE,F,2010,41698651.0,83.0,58.7,24.299999999999997,1013277219.2999998
DE,F,2011,41097465.0,83.1,58.6,24.499999999999993,1006887892.4999998
DE,F,2012,41097953.0,83.1,57.9,25.199999999999996,1035668415.5999998
DE,F,2013,41142770.0,83.0,57.0,26.0,1069712020.0
DE,F,2014,41210540.0,83.6,56.5,27.099999999999994,1116805633.9999998
DE,F,2015,41362080.0,83.1,67.5,15.599999999999994,645248447.9999998
DE,F,2016,41661561.0,83.5,67.3,16.200000000000003,674917288.2000002
DE,F,2017,41824535.0,83.4,66.7,16.700000000000003,698469734.5000001
DE,F,2018,41948786.0,83.3,66.3,17.0,713129362.0
DE,F,2019,42052522.0,83.7,67.1,16.60000000000001,698071865.2000004
DE,F,2020,42129098.0,83.5,66.8,16.700000000000003,703555936.6000001
DE,F,2021,42128512.0,83.3,66.5,16.799999999999997,707759001.5999999
DE,F,2022,42170339.0,83.0,61.2,21.799999999999997,919313390.1999999
DE,F,2023,42198796.0,83.5,63.0,20.5,865075318.0
DE,F,2024,42294114.0,83.5,62.6,20.9,883946982.5999999
DE,M,2005,40353627.0,76.7,54.5,22.200000000000003,895850519.4000001
DE,M,2006,40339961.0,77.2,58.7,18.5,746289278.5
DE,M,2007,40301166.0,77.4,59.0,18.400000000000006,741541454.4000002
DE,M,2008,40274292.0,77.6,56.4,21.199999999999996,853814990.3999999
DE,M,2009,40184283.0,77.8,57.1,20.699999999999996,831814658.0999998
DE,M,2010,40103606.0,78.0,57.9,20.1,806082480.6
DE,M,2011,39124600.0,77.9,57.8,20.10000000000001,786404460.0000004
DE,M,2012,39229947.0,78.1,57.3,20.799999999999997,815982897.5999999
DE,M,2013,39380976.0,78.1,57.7,20.39999999999999,803371910.3999996
DE,M,2014,39556923.0,78.7,56.4,22.300000000000004,882119382.9000002
DE,M,2015,39835457.0,78.3,65.3,13.0,517860941.0
DE,M,2016,40514123.0,78.6,65.3,13.299999999999997,538837835.8999999
DE,M,2017,40697118.0,78.7,65.1,13.600000000000009,553480804.8000003
DE,M,2018,40843565.0,78.6,65.1,13.5,551388127.5
DE,M,2019,40966691.0,79.0,65.4,13.599999999999994,557146997.5999998
DE,M,2020,41037613.0,78.7,64.7,14.0,574526582.0
DE,M,2021,41026519.0,78.4,64.7,13.700000000000003,562063310.3000001
DE,M,2022,41066785.0,78.3,60.9,17.4,714562059.0
DE,M,2023,40919705.0,78.7,62.1,16.6,679267103.0
DE,M,2024,41161931.0,78.9,62.1,16.800000000000004,691520440.8000002
FR,F,2004,32120553.0,83.8,64.3,19.5,626350783.5
FR,F,2005,32387008.0,83.8,64.6,19.200000000000003,621830553.6000001
FR,F,2006,32638535.0,84.5,64.4,20.099999999999994,656034553.4999998
FR,F,2007,32841832.0,84.8,64.4,20.39999999999999,669973372.7999997
FR,F,2008,33026963.0,84.8,64.5,20.299999999999997,670447348.8999999
FR,F,2009,33202247.0,85.0,63.5,21.5,713848310.5
FR,F,2010,33357092.0,85.3,63.4,21.9,730520314.8
FR,F,2011,33515819.0,85.7,63.6,22.1,740699599.9000001
FR,F,2012,33671600.0,85.4,63.8,21.60000000000001,727306560.0000002
FR,F,2013,33827685.0,85.6,64.3,21.299999999999997,720529690.4999999
FR,F,2014,34120851.0,86.1,64.2,21.89999999999999,747246636.8999997
FR,F,2015,34283895.0,85.6,64.6,21.0,719961795.0
FR,F,2016,34391005.0,85.7,64.1,21.60000000000001,742845708.0000002
FR,F,2017,34495464.0,85.7,64.9,20.799999999999997,717505651.1999999
FR,F,2018,34611994.0,85.8,64.5,21.299999999999997,737235472.1999999
FR,F,2019,34739132.0,85.9,64.6,21.30000000000001,739943511.6000004
FR,F,2020,34828670.0,85.3,65.3,20.0,696573400.0
FR,F,2021,34946473.0,85.5,66.9,18.599999999999994,650004397.7999998
FR,F,2022,35109077.0,85.1,65.2,19.89999999999999,698670632.2999997
FR,F,2023,35188809.0,85.7,64.1,21.60000000000001,760078274.4000003
FR,F,2024,35360111.0,85.8,63.7,22.099999999999994,781458453.0999998
FR,M,2004,30171688.0,76.7,61.5,15.200000000000003,458609657.6000001
FR,M,2005,30385862.0,76.7,62.3,14.400000000000006,437556412.8000002
FR,M,2006,30591100.0,77.3,62.8,14.5,443570950.0
FR,M,2007,30803233.0,77.6,62.8,14.799999999999997,455887848.3999999
FR,M,2008,30980230.0,77.8,62.8,15.0,464703450.0
FR,M,2009,31147979.0,78.0,62.8,15.200000000000003,473449280.8000001
FR,M,2010,31301764.0,78.2,61.8,16.400000000000006,513348929.6000002
FR,M,2011,31462902.0,78.7,62.7,16.0,503406432.0
FR,M,2012,31605383.0,78.7,62.6,16.1,508846666.3000001
FR,M,2013,31772665.0,79.0,63.0,16.0,508362640.0
FR,M,2014,32045129.0,79.5,63.4,16.1,515926576.90000004
FR,M,2015,32174258.0,79.2,62.6,16.6,534092682.8000001
FR,M,2016,32247386.0,79.5,62.6,16.9,544980823.4
FR,M,2017,32314352.0,79.6,62.5,17.099999999999994,552575419.1999998
FR,M,2018,32414230.0,79.7,63.4,16.300000000000004,528351949.0000001
FR,M,2019,32551339.0,79.9,63.7,16.200000000000003,527331691.8000001
FR,M,2020,32644981.0,79.2,63.9,15.300000000000004,499468209.30000013
FR,M,2021,32782095.0,79.3,65.5,13.799999999999997,452392910.9999999
FR,M,2022,32982626.0,79.3,63.7,15.599999999999994,514528965.5999998
FR,M,2023,33088401.0,80.1,63.5,16.599999999999994,549267456.5999998
FR,M,2024,33309192.0,80.2,63.5,16.700000000000003,556263506.4000001
NO,F,2004,2308408.0,82.5,65.3,17.200000000000003,39704617.60000001
NO,F,2005,2322293.0,82.7,64.2,18.5,42962420.5
NO,F,2006,2338238.0,82.9,63.4,19.500000000000007,45595641.000000015
NO,F,2007,2355346.0,82.9,66.1,16.80000000000001,39569812.80000003
NO,F,2008,2377481.0,83.2,69.0,14.200000000000003,33760230.20000001
NO,F,2009,2404199.0,83.2,67.8,15.400000000000006,37024664.60000002
NO,F,2010,2431447.0,83.3,69.8,13.5,32824534.5
NO,F,2011,2459456.0,83.6,76.1,7.5,18445920.0
NO,F,2012,2486999.0,83.5,70.4,13.099999999999994,32579686.899999987
NO,F,2013,2515367.0,83.8,68.6,15.200000000000003,38233578.400000006
NO,F,2014,2541622.0,84.2,69.8,14.400000000000006,36599356.80000001
NO,F,2015,2566978.0,84.2,68.9,15.299999999999997,39274763.39999999
NO,F,2016,2588874.0,84.2,67.8,16.400000000000006,42457533.60000002
NO,F,2017,2609187.0,84.3,70.0,14.299999999999997,37311374.099999994
NO,F,2018,2627248.0,84.5,69.1,15.400000000000006,40459619.20000002
NO,F,2019,2643139.0,84.7,68.1,16.60000000000001,43876107.40000002
NO,F,2020,2661018.0,84.9,66.7,18.200000000000003,48430527.60000001
NO,F,2021,2672110.0,84.7,65.75,18.950000000000003,50636484.50000001
NO,F,2022,2687938.0,84.2,64.8,19.400000000000006,52145997.20000002
NO,F,2023,2723514.0,84.6,62.9,21.699999999999996,59100253.79999999
NO,F,2024,2754485.0,84.8,62.3,22.5,61975912.5
NO,M,2004,2269049.0,77.6,65.9,11.699999999999989,26547873.299999975
NO,M,2005,2284070.0,77.8,66.1,11.700000000000003,26723619.000000007
NO,M,2006,2301981.0,78.2,65.8,12.400000000000006,28544564.400000013
NO,M,2007,2325788.0,78.3,66.6,11.700000000000003,27211719.600000005
NO,M,2008,2359690.0,78.4,70.0,8.400000000000006,19821396.000000015
NO,M,2009,2395053.0,78.7,69.0,9.700000000000003,23232014.100000005
NO,M,2010,2426752.0,79.0,69.8,9.200000000000003,22326118.400000006
NO,M,2011,2460849.0,79.1,74.0,5.099999999999994,12550329.899999985
NO,M,2012,2498871.0,79.5,71.9,7.599999999999994,18991419.599999987
NO,M,2013,2535908.0,79.8,71.0,8.799999999999997,22315990.39999999
NO,M,2014,2567434.0,80.1,72.2,7.8999999999999915,20282728.59999998
NO,M,2015,2598824.0,80.5,71.8,8.700000000000003,22609768.80000001
NO,M,2016,2625111.0,80.7,72.0,8.700000000000003,22838465.700000007
NO,M,2017,2649130.0,81.0,71.8,9.200000000000003,24371996.000000007
NO,M,2018,2668371.0,81.1,71.7,9.399999999999991,25082687.399999976
NO,M,2019,2685073.0,81.3,71.2,10.099999999999994,27119237.299999986
NO,M,2020,2706562.0,81.6,70.5,11.099999999999994,30042838.199999984
NO,M,2021,2719259.0,81.7,70.15,11.549999999999997,31407441.44999999
NO,M,2022,2737332.0,80.9,69.8,11.100000000000009,30384385.20000002
NO,M,2023,2765470.0,81.5,66.9,14.599999999999994,40375861.999999985
NO,M,2024,2795718.0,81.6,67.0,14.599999999999994,40817482.79999998
PL,F,2005,19703582.0,79.3,66.9,12.399999999999991,244324416.79999983
PL,F,2006,19703200.0,79.7,62.9,16.800000000000004,331013760.00000006
PL,F,2007,19698704.0,79.8,61.5,18.299999999999997,360486283.1999999
PL,F,2008,19704140.0,80.0,63.0,17.0,334970380.0
PL,F,2009,19720950.0,80.1,62.5,17.599999999999994,347088719.9999999
PL,F,2010,19610632.0,80.7,62.3,18.400000000000006,360835628.80000013
PL,F,2011,19633018.0,81.1,63.2,17.89999999999999,351431022.1999998
PL,F,2012,19636496.0,81.1,62.8,18.299999999999997,359347876.79999995
PL,F,2013,19636442.0,81.2,62.7,18.5,363274177.0
PL,F,2014,19613892.0,81.7,62.7,19.0,372663948.0
PL,F,2015,19608451.0,81.6,63.2,18.39999999999999,360795498.39999986
PL,F,2016,19590169.0,82.0,64.6,17.400000000000006,340868940.6000001
PL,F,2017,19595127.0,81.8,63.5,18.299999999999997,358590824.09999996
PL,F,2018,19596388.0,81.7,64.3,17.400000000000006,340977151.2000001
PL,F,2019,19592436.0,81.9,64.1,17.80000000000001,348745360.80000025
PL,F,2020,19584757.0,80.7,64.3,16.400000000000006,321190014.80000013
PL,F,2021,19131216.0,79.6,64.6,15.0,286968240.0
PL,F,2022,19043758.0,81.1,64.1,17.0,323743886.0
PL,F,2023,18980357.0,82.1,64.4,17.69999999999999,335952318.8999998
PL,F,2024,18914999.0,82.2,66.2,16.0,302639984.0
PL,M,2005,18470253.0,70.8,61.2,9.599999999999994,177314428.7999999
PL,M,2006,18453855.0,70.9,58.4,12.500000000000007,230673187.50000012
PL,M,2007,18426775.0,71.0,57.6,13.399999999999999,246918784.99999997
PL,M,2008,18411501.0,71.3,58.6,12.699999999999996,233826062.69999993
PL,M,2009,18414926.0,71.5,58.3,13.200000000000003,243077023.20000005
PL,M,2010,18412237.0,72.2,58.5,13.700000000000003,252247646.90000007
PL,M,2011,18429700.0,72.5,59.1,13.399999999999999,246957979.99999997
PL,M,2012,18427296.0,72.6,59.1,13.499999999999993,248768495.99999988
PL,M,2013,18426093.0,73.0,59.2,13.799999999999997,254280083.39999995
PL,M,2014,18403964.0,73.7,59.8,13.900000000000006,255815099.6000001
PL,M,2015,18397163.0,73.5,60.1,13.399999999999999,246521984.2
PL,M,2016,18377040.0,73.9,61.3,12.600000000000009,231550704.00000015
PL,M,2017,18377837.0,73.9,60.6,13.300000000000004,244425232.10000008
PL,M,2018,18380299.0,73.7,60.5,13.200000000000003,242619946.80000004
PL,M,2019,18380376.0,74.1,60.9,13.199999999999996,242620963.19999993
PL,M,2020,18373381.0,72.5,60.3,12.200000000000003,224155248.20000005
PL,M,2021,17942141.0,71.6,60.7,10.899999999999991,195569336.89999986
PL,M,2022,17846003.0,73.4,60.8,12.600000000000009,224859637.80000016
PL,M,2023,17773379.0,74.6,61.7,12.899999999999991,229276589.09999985
PL,M,2024,17705971.0,74.8,63.2,11.599999999999994,205389263.5999999
RO,F,2007,10840507.0,76.8,62.5,14.299999999999997,155019250.09999996
RO,F,2008,10586266.0,77.5,62.9,14.600000000000001,154559483.60000002
RO,F,2009,10488417.0,77.7,61.9,15.800000000000004,165716988.60000005
RO,F,2010,10414274.0,77.7,57.5,20.200000000000003,210368334.80000004
RO,F,2011,10366110.0,78.2,57.0,21.200000000000003,219761532.00000003
RO,F,2012,10318889.0,78.1,57.6,20.499999999999993,211537224.49999994
RO,F,2013,10258594.0,78.7,58.1,20.6,211327036.4
RO,F,2014,10201259.0,78.7,59.1,19.6,199944676.4
RO,F,2015,10163573.0,78.6,59.3,19.299999999999997,196156958.89999998
RO,F,2016,10110852.0,79.1,59.0,20.099999999999994,203228125.19999993
RO,F,2017,10041869.0,79.0,58.3,20.700000000000003,207866688.30000004
RO,F,2018,9978614.0,79.2,59.6,19.6,195580834.4
RO,F,2019,9914008.0,79.5,60.6,18.9,187374751.2
RO,F,2020,9868177.0,78.3,60.5,17.799999999999997,175653550.59999996
RO,F,2021,9814072.0,76.6,58.2,18.39999999999999,180578924.79999992
RO,F,2022,9802984.0,79.2,59.3,19.900000000000006,195079381.60000005
RO,F,2023,9808880.0,80.4,58.9,21.500000000000007,210890920.00000006
RO,F,2024,9796206.0,80.3,65.9,14.399999999999991,141065366.39999992
RO,M,2007,10289996.0,69.5,60.4,9.100000000000001,93638963.60000001
RO,M,2008,10049194.0,69.7,60.1,9.600000000000001,96472262.40000002
RO,M,2009,9951873.0,69.8,59.6,10.199999999999996,101509104.59999996
RO,M,2010,9880409.0,70.0,57.2,12.799999999999997,126469235.19999997
RO,M,2011,9832949.0,70.8,57.4,13.399999999999999,131761516.59999998
RO,M,2012,9777107.0,70.9,57.6,13.300000000000004,130035523.10000004
RO,M,2013,9761480.0,71.6,58.8,12.799999999999997,124946943.99999997
RO,M,2014,9746052.0,71.3,58.9,12.399999999999999,120851044.79999998
RO,M,2015,9707074.0,71.4,59.0,12.400000000000006,120367717.60000005
RO,M,2016,9649733.0,71.7,59.8,11.900000000000006,114831822.70000005
RO,M,2017,9602080.0,71.6,59.1,12.499999999999993,120025999.99999993
RO,M,2018,9554867.0,71.7,59.2,12.5,119435837.5
RO,M,2019,9500450.0,71.9,59.9,12.000000000000007,114005400.00000007
RO,M,2020,9460661.0,70.4,59.3,11.100000000000009,105013337.10000008
RO,M,2021,9387590.0,69.2,57.3,11.900000000000006,111712321.00000006
RO,M,2022,9240114.0,71.3,58.7,12.599999999999994,116425436.39999995
RO,M,2023,9246348.0,72.6,59.4,13.199999999999996,122051793.59999996
RO,M,2024,9271370.0,72.8,64.0,8.799999999999997,81588055.99999997
