country,year,poor_py,poor_lo,poor_hi,nace_q_va,nace_q_lo,nace_q_hi
BG,2025,48268096.221175015,37541583.956754945,58968112.280350715,2350.74903560905,1948.9893804232245,2704.086452254173
BG,2026,49109882.49700007,35433441.60506338,63320301.88468594,2381.4004949226746,1926.5140857720073,2898.7690237122556
BG,2027,48736231.361220114,31647202.204056785,67064408.23175643,2419.143691828717,1848.207289222519,3180.7411338331312
BG,2028,49638944.45340296,27979093.99759634,72653146.38318315,2464.2812027965297,1782.3631165492102,3477.0805358701314
BG,2029,49750718.83178837,24806730.971744675,74527918.21457261,2511.237925197361,1736.163689681383,3803.3569891465904
BG,2030,48530057.34851338,20600584.109517746,79415966.35829209,2563.0495575723535,1605.1367857171847,4007.249557545894
BG,2031,50350245.4461948,19263152.969624918,83227642.43758553,2615.8961676142762,1598.1114099472184,4290.132868278206
BG,2032,49893383.59198424,17876320.55872185,84579962.57955122,2669.9954540498793,1514.4289356596269,4687.763677254675
BG,2033,49346648.7779413,14999190.736733897,87675424.51988743,2725.3602951724747,1473.965980730121,4933.730705586915
PL,2025,528141186.147799,479184446.77622145,579284086.8198584,26912.38971547558,24515.45962365087,29600.9383749312
PL,2026,531673074.6766927,465824301.11360365,593084024.1893051,27948.904995388442,24533.75112822769,32082.98655607302
PL,2027,534268737.92978907,466625756.5642028,602628433.9462454,29125.91465419815,25168.81271825764,33796.90100088458
PL,2028,538139513.348252,460703081.0949255,619200296.0345697,30647.643145384623,24790.893415541897,37051.96977072088
PL,2029,540015021.6749927,447659339.89178205,632698482.8083192,31794.597856340613,24283.432496122336,40544.76551161175
PL,2030,535244396.1687062,449390337.6357911,618093557.680777,32785.68734055973,24718.928048333888,41934.830843429205
PL,2031,540911997.9680035,444582093.1489006,643087692.0987281,34045.03838184184,25076.117762755093,45874.803799396024
PL,2032,547025765.6117897,443691910.8369201,651863493.2405173,35344.73509295368,24880.23987819212,48381.6775201804
PL,2033,538696611.8027908,430451272.48525834,647740023.6259394,36685.913976848635,25239.662840277895,53027.079938919545
CZ,2025,188768645.34513488,175447013.14445043,201986867.42822742,8154.995478130677,7487.490006305774,8765.592618256744
CZ,2026,188778828.5095403,173662716.77484226,203546397.59615946,8160.448427828102,7351.030510699409,8965.226079125021
CZ,2027,188582726.90101245,173355354.53153127,205128297.983588,8171.3418447222875,7102.647306120545,9367.33936879755
CZ,2028,188862399.8178362,172466783.69406775,204717323.3284574,8187.879689596712,6881.465490879432,9782.445602156895
CZ,2029,189989860.36582077,173864891.7307805,205328699.3304966,8198.49431720476,6677.407893456698,9929.685685416707
CZ,2030,189983606.72582805,169178344.28452873,208637661.5263582,8206.95097550037,6585.856440738636,10206.32195944712
CZ,2031,191022024.82593057,167854891.44625983,215416889.73412037,8222.595530509607,6550.09913550767,10262.382326049345
CZ,2032,190678715.75861526,164451517.28114608,215615675.23482946,8237.998162797734,6553.914883488889,10558.324020414768
CZ,2033,191755890.3940274,164685507.1316409,218808835.95787683,8253.240030043893,6305.4489966830515,10633.696616003777
RO,2025,257301002.85945243,198710319.0445107,314977861.70002127,5072.299081404166,4327.507609402344,5888.8504764652635
RO,2026,264928669.63335392,201292149.36944482,328549854.48948187,5043.440031545396,4060.653225479091,6138.998357686024
RO,2027,262191146.75097772,196345543.06545705,326822791.45885175,5023.567589869697,3877.5206593973103,6431.059558102065
RO,2028,261341157.5568292,191726500.69643056,325024656.2428273,5014.187898894725,3718.1829530822006,6547.0364904880935
RO,2029,262344244.73438004,190204646.88982114,333556319.29520935,5015.621657066965,3564.3319573155636,6785.8658751681705
RO,2030,261151124.85784456,180965695.50034302,340693361.98494345,5006.505220366576,3414.0254948890906,7178.810917929973
RO,2031,255875382.75170693,160088141.92704856,354801271.59382105,5016.960489869936,3333.3500058357195,7601.213265407148
RO,2032,259424617.89693874,158922955.56242558,357866156.47517306,5027.613887308186,3255.729497345626,7606.83457353362
RO,2033,255153805.6125793,151161473.9893104,363461598.4106773,5038.355863949743,3253.667244519858,7855.233954660892
DE,2025,1541153838.6250856,1349503657.4874387,1735175058.9563246,261359.23376946207,251304.57280574433,274605.25165859645
DE,2026,1521930984.9933357,1279132209.061024,1760725270.8188584,264831.81341331184,251895.04965518368,278329.73113165435
DE,2027,1514245610.9994607,1196739421.2597218,1848626769.752564,268219.1708601133,252746.84880290666,286145.7514294826
DE,2028,1517778227.0229225,1156290038.8256507,1867053615.6660988,272026.4516319662,250751.91903473754,295029.1128697083
DE,2029,1509435080.9974046,1106016847.7869537,1892196731.9421723,274585.8507490547,251568.4884465382,301449.5580120656
DE,2030,1513969988.6712623,1055617360.5819582,1956185336.0188262,277591.32097474154,252989.59473971077,309068.5577612788
DE,2031,1509163039.2238274,1105660859.7568502,1951111532.1504295,280846.6250179057,252540.114982004,315370.71097711544
DE,2032,1496783345.6190813,1032095096.5375923,1969533472.2473476,284076.0583660542,254073.24983138565,322871.41958721844
DE,2033,1487986013.4318466,1002140299.9144987,1983806391.8767169,287280.1061175753,252433.66635708496,329156.804732006
FR,2025,1338479381.314268,1270313024.0302076,1407572361.6962261,190864.5944310635,177992.62773919458,204368.1083767842
FR,2026,1340465860.885875,1233927608.8719332,1457224536.099205,192714.75977055368,177912.6372287178,209610.14298096177
FR,2027,1339164074.6901436,1208336627.036257,1475553964.9724557,194411.59307955304,176490.51289352443,213357.54169269517
FR,2028,1355449522.427809,1220362972.184631,1483532500.3654604,196681.59783492304,175304.2070515693,218173.58021240597
FR,2029,1353730508.498055,1214527211.6080723,1499477872.7182863,196111.9968359769,176461.378228755,222664.5380372638
FR,2030,1362769388.3248832,1251532297.2450557,1467609072.0255558,197614.08355452216,175400.1378161393,224614.93133442238
FR,2031,1364806830.370969,1253983472.120866,1472547560.1455097,199100.1775362093,175171.5651680316,231060.5991365296
FR,2032,1373701350.2505586,1263305011.4568102,1482158118.3570845,200562.14383501135,173789.57000230218,234482.67075833058
FR,2033,1377971132.447589,1264423594.6313102,1493313898.4610634,202001.24267382274,174727.1918099399,244420.6226286071
NO,2025,98561014.95747072,84184793.42576599,112845586.70748748,38430.785331255895,36272.67093779124,41340.34811020883
NO,2026,98840585.03822143,80447257.33966935,118450717.52730897,39026.21678949646,35904.304537569325,43216.39083043694
NO,2027,99365318.23716766,75526830.69499676,123140084.62453602,39665.60784281989,35400.80275633329,44592.94588401108
NO,2028,99757319.3727905,71576641.99886186,128274551.89912097,40365.883477098345,35087.25781824173,46017.64922084494
NO,2029,101927405.9923176,69082317.92261098,136536792.8416576,41077.76559708282,35668.56008078214,47198.18190023742
NO,2030,101411525.19946176,62462211.0783647,138675149.7063392,41635.362968541,35481.54624397154,48949.03945305485
NO,2031,102556575.97877565,60975551.498313054,146593791.05716598,41412.56793069353,35146.482954851395,50435.16477875603
NO,2032,102301956.30030651,55431465.03933939,148862829.21576384,41905.11971006718,35108.03364201355,52019.302340596376
NO,2033,103030022.37459639,55095617.55542916,152903373.0164807,42396.48074418908,35596.316842003995,52264.02375767492
CH,2025,236552424.63390252,221110213.6678224,251910467.87864745,59709.6512607044,50111.4747537162,71504.60865804952
CH,2026,239228959.6721136,217642049.18593672,260790159.14174625,59780.547219335,43300.220987273766,83854.71906164613
CH,2027,242782572.32177132,216443387.680631,269410394.6929619,60017.75751259335,37397.429908253725,96914.4467867764
CH,2028,244691226.1645614,215506133.77248535,273615715.7335293,60095.74029402671,30495.570691584653,114681.15802615677
CH,2029,247118679.5621622,214525340.3316992,278610114.35109407,60780.673423593595,25404.827055452464,134685.8190104291
CH,2030,249121648.32568023,212920136.7641873,285932529.19457835,60948.30327215542,22025.10293049022,156946.01394206326
CH,2031,252327750.33764368,210676720.806631,293748354.9947968,61194.57057536699,18946.523416659325,192891.26414256654
CH,2032,256185396.92951185,216419663.65735927,296618357.3537517,61463.63311531873,16321.844587916765,203145.11559533633
CH,2033,259060139.62509468,215798454.6525744,302040673.8556786,61755.31050175319,13093.19748185991,246846.20216979246
