country,sex,year,pop_total,hly_birth,retage,hdiv_pp,hdiv_py
BG,F,2006,3914757.0,71.9,62.5,9.400000000000006,36798715.80000002
BG,F,2007,3886094.0,73.9,62.5,11.400000000000006,44301471.600000024
BG,F,2008,3857635.0,65.7,62.5,3.200000000000003,12344432.000000011
BG,F,2009,3831264.0,65.8,62.5,3.299999999999997,12643171.19999999
BG,F,2010,3807808.0,67.1,62.5,4.599999999999994,17515916.79999998
BG,F,2011,3780505.0,65.9,62.5,3.4000000000000057,12853717.000000022
BG,F,2012,3760457.0,65.7,62.5,3.200000000000003,12033462.400000012
BG,F,2013,3701945.0,66.6,62.5,4.099999999999994,15177974.49999998
BG,F,2014,3662824.0,66.1,62.5,3.5999999999999943,13186166.39999998
BG,F,2015,3621883.0,65.0,62.5,2.5,9054707.5
BG,F,2016,3578998.0,67.5,62.5,5.0,17894990.0
BG,F,2017,3537549.0,66.2,62.5,3.700000000000003,13088931.30000001
BG,F,2018,3494184.0,67.6,62.5,5.099999999999994,17820338.39999998
BG,F,2019,3450251.0,68.4,62.5,5.900000000000006,20356480.90000002
BG,F,2020,3405861.0,67.8,62.5,5.299999999999997,18051063.29999999
BG,F,2021,3389807.0,65.1,62.5,2.5999999999999943,8813498.19999998
BG,F,2022,3364303.0,68.9,62.5,6.400000000000006,21531539.200000018
BG,F,2023,3348207.0,71.0,62.5,8.5,28459759.5
BG,F,2024,3347783.0,71.4,62.5,8.900000000000006,29795268.700000018
BG,M,2006,3714614.0,66.2,64.75,1.4500000000000028,5386190.300000011
BG,M,2007,3686579.0,67.1,64.75,2.3499999999999943,8663460.64999998
BG,M,2008,3660367.0,62.1,64.75,-2.6499999999999986,0.0
BG,M,2009,3635855.0,62.1,64.75,-2.6499999999999986,0.0
BG,M,2010,3613958.0,63.0,64.75,-1.75,0.0
BG,M,2011,3588926.0,62.1,64.75,-2.6499999999999986,0.0
BG,M,2012,3566767.0,62.1,64.75,-2.6499999999999986,0.0
BG,M,2013,3500611.0,62.4,64.75,-2.3500000000000014,0.0
BG,M,2014,3454629.0,62.0,64.75,-2.75,0.0
BG,M,2015,3407807.0,61.5,64.75,-3.25,0.0
BG,M,2016,3359761.0,64.0,64.75,-0.75,0.0
BG,M,2017,3311969.0,62.9,64.75,-1.8500000000000014,0.0
BG,M,2018,3263234.0,64.0,64.75,-0.75,0.0
BG,M,2019,3213926.0,64.4,64.75,-0.3499999999999943,0.0
BG,M,2020,3163414.0,63.6,64.75,-1.1499999999999986,0.0
BG,M,2021,3142310.0,61.6,64.75,-3.1499999999999986,0.0
BG,M,2022,3118181.0,64.5,64.75,-0.25,0.0
BG,M,2023,3099503.0,66.3,64.75,1.5499999999999972,4804229.649999991
BG,M,2024,3097698.0,66.8,64.75,2.049999999999997,6350280.899999991
CH,F,2007,3829380.0,63.6,64.5,-0.8999999999999986,0.0
CH,F,2008,3866480.0,64.6,64.5,0.09999999999999432,386647.999999978
CH,F,2009,3915181.0,63.0,64.5,-1.5,0.0
CH,F,2010,3955240.0,63.3,64.5,-1.2000000000000028,0.0
CH,F,2011,3992708.0,64.7,64.5,0.20000000000000284,798541.6000000114
CH,F,2012,4032409.0,67.6,64.5,3.0999999999999943,12500467.899999976
CH,F,2013,4070536.0,58.4,64.5,-6.100000000000001,0.0
CH,F,2014,4117540.0,56.7,64.5,-7.799999999999997,0.0
CH,F,2015,4163786.0,57.8,64.5,-6.700000000000003,0.0
CH,F,2016,4205655.0,57.7,64.5,-6.799999999999997,0.0
CH,F,2017,4246113.0,59.4,64.5,-5.100000000000001,0.0
CH,F,2018,4277696.0,59.5,64.5,-5.0,0.0
CH,F,2019,4307406.0,60.0,64.5,-4.5,0.0
CH,F,2020,4337170.0,60.7,64.5,-3.799999999999997,0.0
CH,F,2021,4367701.0,59.3,64.5,-5.200000000000003,0.0
CH,F,2022,4400588.0,56.7,64.5,-7.799999999999997,0.0
CH,F,2023,4435432.0,55.4,64.5,-9.100000000000001,0.0
CH,F,2024,4510726.0,56.5,64.5,-8.0,0.0
CH,M,2007,3679359.0,65.3,64.5,0.7999999999999972,2943487.1999999895
CH,M,2008,3727014.0,65.7,64.5,1.2000000000000028,4472416.800000011
CH,M,2009,3786675.0,65.2,64.5,0.7000000000000028,2650672.5000000107
CH,M,2010,3830566.0,65.5,64.5,1.0,3830566.0
CH,M,2011,3877426.0,66.3,64.5,1.7999999999999972,6979366.799999989
CH,M,2012,3922253.0,68.6,64.5,4.099999999999994,16081237.299999978
CH,M,2013,3968524.0,61.5,64.5,-3.0,0.0
CH,M,2014,4022091.0,60.6,64.5,-3.8999999999999986,0.0
CH,M,2015,4073880.0,61.1,64.5,-3.3999999999999986,0.0
CH,M,2016,4121471.0,61.0,64.5,-3.5,0.0
CH,M,2017,4173437.0,61.8,64.5,-2.700000000000003,0.0
CH,M,2018,4206434.0,61.5,64.5,-3.0,0.0
CH,M,2019,4237121.0,61.0,64.5,-3.5,0.0
CH,M,2020,4268863.0,62.2,64.5,-2.299999999999997,0.0
CH,M,2021,4302599.0,63.2,64.5,-1.2999999999999972,0.0
CH,M,2022,4338203.0,61.4,64.5,-3.1000000000000014,0.0
CH,M,2023,4379953.0,59.6,64.5,-4.899999999999999,0.0
CH,M,2024,4451532.0,59.4,64.5,-5.100000000000001,0.0
CZ,F,2005,5228199.0,60.0,64.5,-4.5,0.0
CZ,F,2006,5233925.0,59.9,64.5,-4.600000000000001,0.0
CZ,F,2007,5243638.0,63.3,64.5,-1.2000000000000028,0.0
CZ,F,2008,5278305.0,63.4,64.5,-1.1000000000000014,0.0
CZ,F,2009,5309105.0,62.7,64.5,-1.7999999999999972,0.0
CZ,F,2010,5325922.0,64.5,64.5,0.0,0.0
CZ,F,2011,5339500.0,63.6,64.5,-0.8999999999999986,0.0
CZ,F,2012,5347235.0,64.1,64.5,-0.4000000000000057,0.0
CZ,F,2013,5351776.0,64.2,64.5,-0.29999999999999716,0.0
CZ,F,2014,5350039.0,65.0,64.5,0.5,2675019.5
CZ,F,2015,5361348.0,63.7,64.5,-0.7999999999999972,0.0
CZ,F,2016,5367513.0,64.0,64.5,-0.5,0.0
CZ,F,2017,5378133.0,62.4,64.5,-2.1000000000000014,0.0
CZ,F,2018,5390264.0,63.4,64.5,-1.1000000000000014,0.0
CZ,F,2019,5405606.0,62.6,64.5,-1.8999999999999986,0.0
CZ,F,2020,5421943.0,62.5,64.5,-2.0,0.0
CZ,F,2021,5323934.0,63.4,64.5,-1.1000000000000014,0.0
CZ,F,2022,5332932.0,62.4,64.5,-2.1000000000000014,0.0
CZ,F,2023,5519006.0,62.6,64.5,-1.8999999999999986,0.0
CZ,F,2024,5557945.0,63.2,64.5,-1.2999999999999972,0.0
CZ,M,2005,4970656.0,58.0,64.5,-6.5,0.0
CZ,M,2006,4989652.0,57.9,64.5,-6.600000000000001,0.0
CZ,M,2007,5010595.0,61.4,64.5,-3.1000000000000014,0.0
CZ,M,2008,5065117.0,61.3,64.5,-3.200000000000003,0.0
CZ,M,2009,5116678.0,61.1,64.5,-3.3999999999999986,0.0
CZ,M,2010,5136166.0,62.2,64.5,-2.299999999999997,0.0
CZ,M,2011,5147231.0,62.2,64.5,-2.299999999999997,0.0
CZ,M,2012,5158210.0,62.3,64.5,-2.200000000000003,0.0
CZ,M,2013,5164349.0,62.5,64.5,-2.0,0.0
CZ,M,2014,5162380.0,63.4,64.5,-1.1000000000000014,0.0
CZ,M,2015,5176927.0,62.4,64.5,-2.1000000000000014,0.0
CZ,M,2016,5186330.0,62.7,64.5,-1.7999999999999972,0.0
CZ,M,2017,5200687.0,60.6,64.5,-3.8999999999999986,0.0
CZ,M,2018,5219791.0,62.2,64.5,-2.299999999999997,0.0
CZ,M,2019,5244194.0,61.7,64.5,-2.799999999999997,0.0
CZ,M,2020,5271996.0,60.9,64.5,-3.6000000000000014,0.0
CZ,M,2021,5170902.0,60.7,64.5,-3.799999999999997,0.0
CZ,M,2022,5183775.0,61.2,64.5,-3.299999999999997,0.0
CZ,M,2023,5308523.0,61.5,64.5,-3.0,0.0
CZ,M,2024,5342610.0,61.7,64.5,-2.799999999999997,0.0
DE,F,2005,42147222.0,54.8,66.33,-11.530000000000001,0.0
DE,F,2006,42098034.0,58.3,66.33,-8.030000000000001,0.0
DE,F,2007,42013740.0,58.6,66.33,-7.729999999999997,0.0
DE,F,2008,41943545.0,57.7,66.33,-8.629999999999995,0.0
DE,F,2009,41818073.0,58.1,66.33,-8.229999999999997,0.0
DE,F,2010,41698651.0,58.7,66.33,-7.6299999999999955,0.0
DE,F,2011,41097465.0,58.6,66.33,-7.729999999999997,0.0
DE,F,2012,41097953.0,57.9,66.33,-8.43,0.0
DE,F,2013,41142770.0,57.0,66.33,-9.329999999999998,0.0
DE,F,2014,41210540.0,56.5,66.33,-9.829999999999998,0.0
DE,F,2015,41362080.0,67.5,66.33,1.1700000000000017,48393633.60000007
DE,F,2016,41661561.0,67.3,66.33,0.9699999999999989,40411714.16999995
DE,F,2017,41824535.0,66.7,66.33,0.37000000000000455,15475077.950000191
DE,F,2018,41948786.0,66.3,66.33,-0.030000000000001137,0.0
DE,F,2019,42052522.0,67.1,66.33,0.769999999999996,32380441.939999834
DE,F,2020,42129098.0,66.8,66.33,0.46999999999999886,19800676.059999954
DE,F,2021,42128512.0,66.5,66.33,0.1700000000000017,7161847.040000072
DE,F,2022,42170339.0,61.2,66.33,-5.1299999999999955,0.0
DE,F,2023,42198796.0,63.0,66.33,-3.3299999999999983,0.0
DE,F,2024,42294114.0,62.6,66.33,-3.729999999999997,0.0
DE,M,2005,40353627.0,54.5,66.33,-11.829999999999998,0.0
DE,M,2006,40339961.0,58.7,66.33,-7.6299999999999955,0.0
DE,M,2007,40301166.0,59.0,66.33,-7.329999999999998,0.0
DE,M,2008,40274292.0,56.4,66.33,-9.93,0.0
DE,M,2009,40184283.0,57.1,66.33,-9.229999999999997,0.0
DE,M,2010,40103606.0,57.9,66.33,-8.43,0.0
DE,M,2011,39124600.0,57.8,66.33,-8.530000000000001,0.0
DE,M,2012,39229947.0,57.3,66.33,-9.030000000000001,0.0
DE,M,2013,39380976.0,57.7,66.33,-8.629999999999995,0.0
DE,M,2014,39556923.0,56.4,66.33,-9.93,0.0
DE,M,2015,39835457.0,65.3,66.33,-1.0300000000000011,0.0
DE,M,2016,40514123.0,65.3,66.33,-1.0300000000000011,0.0
DE,M,2017,40697118.0,65.1,66.33,-1.230000000000004,0.0
DE,M,2018,40843565.0,65.1,66.33,-1.230000000000004,0.0
DE,M,2019,40966691.0,65.4,66.33,-0.9299999999999926,0.0
DE,M,2020,41037613.0,64.7,66.33,-1.6299999999999955,0.0
DE,M,2021,41026519.0,64.7,66.33,-1.6299999999999955,0.0
DE,M,2022,41066785.0,60.9,66.33,-5.43,0.0
DE,M,2023,40919705.0,62.1,66.33,-4.229999999999997,0.0
DE,M,2024,41161931.0,62.1,66.33,-4.229999999999997,0.0
FR,F,2004,32120553.0,64.3,64.0,0.29999999999999716,9636165.89999991
FR,F,2005,32387008.0,64.6,64.0,0.5999999999999943,19432204.799999814
FR,F,2006,32638535.0,64.4,64.0,0.4000000000000057,13055414.000000186
FR,F,2007,32841832.0,64.4,64.0,0.4000000000000057,13136732.800000187
FR,F,2008,33026963.0,64.5,64.0,0.5,16513481.5
FR,F,2009,33202247.0,63.5,64.0,-0.5,0.0
FR,F,2010,33357092.0,63.4,64.0,-0.6000000000000014,0.0
FR,F,2011,33515819.0,63.6,64.0,-0.3999999999999986,0.0
FR,F,2012,33671600.0,63.8,64.0,-0.20000000000000284,0.0
FR,F,2013,33827685.0,64.3,64.0,0.29999999999999716,10148305.499999903
FR,F,2014,34120851.0,64.2,64.0,0.20000000000000284,6824170.200000097
FR,F,2015,34283895.0,64.6,64.0,0.5999999999999943,20570336.999999806
FR,F,2016,34391005.0,64.1,64.0,0.09999999999999432,3439100.4999998044
FR,F,2017,34495464.0,64.9,64.0,0.9000000000000057,31045917.600000195
FR,F,2018,34611994.0,64.5,64.0,0.5,17305997.0
FR,F,2019,34739132.0,64.6,64.0,0.5999999999999943,20843479.1999998
FR,F,2020,34828670.0,65.3,64.0,1.2999999999999972,45277270.9999999
FR,F,2021,34946473.0,66.9,64.0,2.9000000000000057,101344771.7000002
FR,F,2022,35109077.0,65.2,64.0,1.2000000000000028,42130892.4000001
FR,F,2023,35188809.0,64.1,64.0,0.09999999999999432,3518880.8999998
FR,F,2024,35360111.0,63.7,64.0,-0.29999999999999716,0.0
FR,M,2004,30171688.0,61.5,64.0,-2.5,0.0
FR,M,2005,30385862.0,62.3,64.0,-1.7000000000000028,0.0
FR,M,2006,30591100.0,62.8,64.0,-1.2000000000000028,0.0
FR,M,2007,30803233.0,62.8,64.0,-1.2000000000000028,0.0
FR,M,2008,30980230.0,62.8,64.0,-1.2000000000000028,0.0
FR,M,2009,31147979.0,62.8,64.0,-1.2000000000000028,0.0
FR,M,2010,31301764.0,61.8,64.0,-2.200000000000003,0.0
FR,M,2011,31462902.0,62.7,64.0,-1.2999999999999972,0.0
FR,M,2012,31605383.0,62.6,64.0,-1.3999999999999986,0.0
FR,M,2013,31772665.0,63.0,64.0,-1.0,0.0
FR,M,2014,32045129.0,63.4,64.0,-0.6000000000000014,0.0
FR,M,2015,32174258.0,62.6,64.0,-1.3999999999999986,0.0
FR,M,2016,32247386.0,62.6,64.0,-1.3999999999999986,0.0
FR,M,2017,32314352.0,62.5,64.0,-1.5,0.0
FR,M,2018,32414230.0,63.4,64.0,-0.6000000000000014,0.0
FR,M,2019,32551339.0,63.7,64.0,-0.29999999999999716,0.0
FR,M,2020,32644981.0,63.9,64.0,-0.10000000000000142,0.0
FR,M,2021,32782095.0,65.5,64.0,1.5,49173142.5
FR,M,2022,32982626.0,63.7,64.0,-0.29999999999999716,0.0
FR,M,2023,33088401.0,63.5,64.0,-0.5,0.0
FR,M,2024,33309192.0,63.5,64.0,-0.5,0.0
NO,F,2004,2308408.0,65.3,62.75,2.549999999999997,5886440.399999994
NO,F,2005,2322293.0,64.2,62.75,1.4500000000000028,3367324.8500000066
NO,F,2006,2338238.0,63.4,62.75,0.6499999999999986,1519854.6999999967
NO,F,2007,2355346.0,66.1,62.75,3.3499999999999943,7890409.099999987
NO,F,2008,2377481.0,69.0,62.75,6.25,14859256.25
NO,F,2009,2404199.0,67.8,62.75,5.049999999999997,12141204.949999994
NO,F,2010,2431447.0,69.8,62.75,7.049999999999997,17141701.349999994
NO,F,2011,2459456.0,76.1,62.75,13.349999999999994,32833737.599999987
NO,F,2012,2486999.0,70.4,62.75,7.650000000000006,19025542.350000013
NO,F,2013,2515367.0,68.6,62.75,5.849999999999994,14714896.949999986
NO,F,2014,2541622.0,69.8,62.75,7.049999999999997,17918435.099999994
NO,F,2015,2566978.0,68.9,62.75,6.150000000000006,15786914.700000014
NO,F,2016,2588874.0,67.8,62.75,5.049999999999997,13073813.699999992
NO,F,2017,2609187.0,70.0,62.75,7.25,18916605.75
NO,F,2018,2627248.0,69.1,62.75,6.349999999999994,16683024.799999986
NO,F,2019,2643139.0,68.1,62.75,5.349999999999994,14140793.649999985
NO,F,2020,2661018.0,66.7,62.75,3.950000000000003,10511021.100000007
NO,F,2021,2672110.0,65.75,62.75,3.0,8016330.0
NO,F,2022,2687938.0,64.8,62.75,2.049999999999997,5510272.899999992
NO,F,2023,2723514.0,62.9,62.75,0.14999999999999858,408527.09999999614
NO,F,2024,2754485.0,62.3,62.75,-0.45000000000000284,0.0
NO,M,2004,2269049.0,65.9,62.75,3.1500000000000057,7147504.350000013
NO,M,2005,2284070.0,66.1,62.75,3.3499999999999943,7651634.499999987
NO,M,2006,2301981.0,65.8,62.75,3.049999999999997,7021042.049999993
NO,M,2007,2325788.0,66.6,62.75,3.8499999999999943,8954283.799999988
NO,M,2008,2359690.0,70.0,62.75,7.25,17107752.5
NO,M,2009,2395053.0,69.0,62.75,6.25,14969081.25
NO,M,2010,2426752.0,69.8,62.75,7.049999999999997,17108601.599999994
NO,M,2011,2460849.0,74.0,62.75,11.25,27684551.25
NO,M,2012,2498871.0,71.9,62.75,9.150000000000006,22864669.650000013
NO,M,2013,2535908.0,71.0,62.75,8.25,20921241.0
NO,M,2014,2567434.0,72.2,62.75,9.450000000000003,24262251.30000001
NO,M,2015,2598824.0,71.8,62.75,9.049999999999997,23519357.19999999
NO,M,2016,2625111.0,72.0,62.75,9.25,24282276.75
NO,M,2017,2649130.0,71.8,62.75,9.049999999999997,23974626.499999993
NO,M,2018,2668371.0,71.7,62.75,8.950000000000003,23881920.450000007
NO,M,2019,2685073.0,71.2,62.75,8.450000000000003,22688866.85000001
NO,M,2020,2706562.0,70.5,62.75,7.75,20975855.5
NO,M,2021,2719259.0,70.15,62.75,7.400000000000006,20122516.600000016
NO,M,2022,2737332.0,69.8,62.75,7.049999999999997,19298190.599999994
NO,M,2023,2765470.0,66.9,62.75,4.150000000000006,11476700.500000015
NO,M,2024,2795718.0,67.0,62.75,4.25,11881801.5
PL,F,2005,19703582.0,66.9,60.0,6.900000000000006,135954715.8000001
PL,F,2006,19703200.0,62.9,60.0,2.8999999999999986,57139279.99999997
PL,F,2007,19698704.0,61.5,60.0,1.5,29548056.0
PL,F,2008,19704140.0,63.0,60.0,3.0,59112420.0
PL,F,2009,19720950.0,62.5,60.0,2.5,49302375.0
PL,F,2010,19610632.0,62.3,60.0,2.299999999999997,45104453.59999994
PL,F,2011,19633018.0,63.2,60.0,3.200000000000003,62825657.60000005
PL,F,2012,19636496.0,62.8,60.0,2.799999999999997,54982188.799999945
PL,F,2013,19636442.0,62.7,60.0,2.700000000000003,53018393.40000006
PL,F,2014,19613892.0,62.7,60.0,2.700000000000003,52957508.40000006
PL,F,2015,19608451.0,63.2,60.0,3.200000000000003,62747043.200000055
PL,F,2016,19590169.0,64.6,60.0,4.599999999999994,90114777.39999989
PL,F,2017,19595127.0,63.5,60.0,3.5,68582944.5
PL,F,2018,19596388.0,64.3,60.0,4.299999999999997,84264468.39999995
PL,F,2019,19592436.0,64.1,60.0,4.099999999999994,80328987.59999989
PL,F,2020,19584757.0,64.3,60.0,4.299999999999997,84214455.09999995
PL,F,2021,19131216.0,64.6,60.0,4.599999999999994,88003593.59999989
PL,F,2022,19043758.0,64.1,60.0,4.099999999999994,78079407.7999999
PL,F,2023,18980357.0,64.4,60.0,4.400000000000006,83513570.8000001
PL,F,2024,18914999.0,66.2,60.0,6.200000000000003,117272993.80000006
PL,M,2005,18470253.0,61.2,65.0,-3.799999999999997,0.0
PL,M,2006,18453855.0,58.4,65.0,-6.600000000000001,0.0
PL,M,2007,18426775.0,57.6,65.0,-7.399999999999999,0.0
PL,M,2008,18411501.0,58.6,65.0,-6.399999999999999,0.0
PL,M,2009,18414926.0,58.3,65.0,-6.700000000000003,0.0
PL,M,2010,18412237.0,58.5,65.0,-6.5,0.0
PL,M,2011,18429700.0,59.1,65.0,-5.899999999999999,0.0
PL,M,2012,18427296.0,59.1,65.0,-5.899999999999999,0.0
PL,M,2013,18426093.0,59.2,65.0,-5.799999999999997,0.0
PL,M,2014,18403964.0,59.8,65.0,-5.200000000000003,0.0
PL,M,2015,18397163.0,60.1,65.0,-4.899999999999999,0.0
PL,M,2016,18377040.0,61.3,65.0,-3.700000000000003,0.0
PL,M,2017,18377837.0,60.6,65.0,-4.399999999999999,0.0
PL,M,2018,18380299.0,60.5,65.0,-4.5,0.0
PL,M,2019,18380376.0,60.9,65.0,-4.100000000000001,0.0
PL,M,2020,18373381.0,60.3,65.0,-4.700000000000003,0.0
PL,M,2021,17942141.0,60.7,65.0,-4.299999999999997,0.0
PL,M,2022,17846003.0,60.8,65.0,-4.200000000000003,0.0
PL,M,2023,17773379.0,61.7,65.0,-3.299999999999997,0.0
PL,M,2024,17705971.0,63.2,65.0,-1.7999999999999972,0.0
RO,F,2007,10840507.0,62.5,62.5,0.0,0.0
RO,F,2008,10586266.0,62.9,62.5,0.3999999999999986,4234506.399999985
RO,F,2009,10488417.0,61.9,62.5,-0.6000000000000014,0.0
RO,F,2010,10414274.0,57.5,62.5,-5.0,0.0
RO,F,2011,10366110.0,57.0,62.5,-5.5,0.0
RO,F,2012,10318889.0,57.6,62.5,-4.899999999999999,0.0
RO,F,2013,10258594.0,58.1,62.5,-4.399999999999999,0.0
RO,F,2014,10201259.0,59.1,62.5,-3.3999999999999986,0.0
RO,F,2015,10163573.0,59.3,62.5,-3.200000000000003,0.0
RO,F,2016,10110852.0,59.0,62.5,-3.5,0.0
RO,F,2017,10041869.0,58.3,62.5,-4.200000000000003,0.0
RO,F,2018,9978614.0,59.6,62.5,-2.8999999999999986,0.0
RO,F,2019,9914008.0,60.6,62.5,-1.8999999999999986,0.0
RO,F,2020,9868177.0,60.5,62.5,-2.0,0.0
RO,F,2021,9814072.0,58.2,62.5,-4.299999999999997,0.0
RO,F,2022,9802984.0,59.3,62.5,-3.200000000000003,0.0
RO,F,2023,9808880.0,58.9,62.5,-3.6000000000000014,0.0
RO,F,2024,9796206.0,65.9,62.5,3.4000000000000057,33307100.400000054
RO,M,2007,10289996.0,60.4,65.0,-4.600000000000001,0.0
RO,M,2008,10049194.0,60.1,65.0,-4.899999999999999,0.0
RO,M,2009,9951873.0,59.6,65.0,-5.399999999999999,0.0
RO,M,2010,9880409.0,57.2,65.0,-7.799999999999997,0.0
RO,M,2011,9832949.0,57.4,65.0,-7.600000000000001,0.0
RO,M,2012,9777107.0,57.6,65.0,-7.399999999999999,0.0
RO,M,2013,9761480.0,58.8,65.0,-6.200000000000003,0.0
RO,M,2014,9746052.0,58.9,65.0,-6.100000000000001,0.0
RO,M,2015,9707074.0,59.0,65.0,-6.0,0.0
RO,M,2016,9649733.0,59.8,65.0,-5.200000000000003,0.0
RO,M,2017,9602080.0,59.1,65.0,-5.899999999999999,0.0
RO,M,2018,9554867.0,59.2,65.0,-5.799999999999997,0.0
RO,M,2019,9500450.0,59.9,65.0,-5.100000000000001,0.0
RO,M,2020,9460661.0,59.3,65.0,-5.700000000000003,0.0
RO,M,2021,9387590.0,57.3,65.0,-7.700000000000003,0.0
RO,M,2022,9240114.0,58.7,65.0,-6.299999999999997,0.0
RO,M,2023,9246348.0,59.4,65.0,-5.600000000000001,0.0
RO,M,2024,9271370.0,64.0,65.0,-1.0,0.0
