country,year,gdp,employed_ths,healthy_share,hly_birth,prod
BG,2000,27403.0,2834.2,,,9.668689577305766
BG,2001,28450.8,2723.1,,,10.447945356395286
BG,2002,30121.4,2760.3,,,10.912364598050937
BG,2003,31698.9,2818.7,,,11.245928974349878
BG,2004,33762.7,2922.0,,,11.554654346338124
BG,2005,36145.1,2947.0,,,12.265049202578894
BG,2006,38603.9,3071.7,0.949302389877428,69.12476468898943,12.567601002702087
BG,2007,41172.7,3208.7,0.9651003643184899,70.58957880526467,12.831582884034033
BG,2008,43696.4,3306.3,0.8709877267425302,63.947230953117604,13.216102592021292
BG,2009,42233.9,3204.8,0.8669210527620633,63.99841313631134,13.178326260609087
BG,2010,42890.7,3037.0,0.8811604044232987,65.1035441968933,14.122719789265721
BG,2011,43787.2,2927.5,0.862294436513318,64.04939324352179,14.95719897523484
BG,2012,44115.1,2894.9,0.8592057827417522,63.947581730816474,15.238902898200282
BG,2013,43875.7,2889.5,0.8608625734888836,64.55870157760661,15.184530195535558
BG,2014,44292.3,2927.3999999999996,0.8593641436395201,64.10996523615962,15.13025210084034
BG,2015,45797.1,2973.5,0.8469872382438155,63.30329296170955,15.40174878089793
BG,2016,47183.2,2954.3,0.8781478945063905,65.8052929925942,15.971025285177536
BG,2017,48478.8,3073.3999999999996,0.8620679637405063,64.60434061199635,15.773670853126832
BG,2018,49608.5,3068.8,0.8769788680145921,65.86151905949876,16.165439259645463
BG,2019,51490.3,2946.0,0.8831736963877751,66.47092398656278,17.478038017651052
BG,2020,49877.0,2833.3999999999996,0.8910825958303622,65.7775030273508,17.60323286510906
BG,2021,53781.4,2785.3999999999996,0.8856237173522137,63.41630618373798,19.308321964529334
BG,2022,55977.8,2840.7,0.898479498041528,66.78352791923591,19.705635934804803
BG,2023,56919.1,2821.7,0.9052585472319926,68.74064526785479,20.171917638303153
BG,2024,58847.0,2820.8,0.9111348469366939,69.18924012032616,20.861812251843446
BG,2025,60669.1,2809.3,,,21.595806784608264
CH,1996,438763.1,3678.1,,,119.29069356461216
CH,1997,447966.7,3668.3,,,122.11833819480412
CH,1998,460402.8,3734.6000000000004,,,123.28035130937717
CH,1999,468137.9,3760.5,,,124.48820635553783
CH,2000,485146.3,3775.8,,,128.48834684040466
CH,2001,492870.8,3836.8,,,128.45881984987489
CH,2002,494745.8,3864.8999999999996,,,128.00998732179357
CH,2003,493339.6,3856.6,,,127.9208629362651
CH,2004,506101.9,3865.0,,,130.94486416558863
CH,2005,521042.5,3887.1,,,134.04401739085694
CH,2006,542584.1,3953.9,,,137.22757277624623
CH,2007,564196.2,4015.5,0.7867914782049945,64.43301740811606,140.50459469555472
CH,2008,578479.4,4111.6,0.792902448518005,65.13989841830387,140.69447417063915
CH,2009,567286.4,4140.4,0.7797552885219217,64.08164642392691,137.0124625640035
CH,2010,585783.5,4087.1,0.780075778357916,64.38238571574992,143.32497369773188
CH,2011,594029.3,4169.2,0.7919322683052072,65.48828157182584,142.48040391442004
CH,2012,600707.0,4214.3,0.8232937140823205,68.09307601001777,142.54016088081056
CH,2013,611736.7,4245.8,0.724094300402688,59.930331207877536,144.08043242733993
CH,2014,627295.8,4306.8,0.7050916814961812,58.62713341673597,145.65241014210088
CH,2015,636419.8,4370.7,0.7172744098774769,59.43199187731087,145.6104971743657
CH,2016,648585.6,4423.1,0.7099829035737534,59.33331914276306,146.63597929054282
CH,2017,657797.7,4454.4,0.7253653392844251,60.589641821712554,147.67369342672413
CH,2018,679685.5,4489.4,0.7223612211601105,60.49160055303255,151.39784826480155
CH,2019,687266.2,4527.9,0.7209688082431329,60.49588713336619,151.78475673049317
CH,2020,671766.6,4518.4,0.7403730919819022,61.4440471701654,148.67355701133144
CH,2021,713256.4,4524.1,0.7315732855249356,61.23535818829799,157.65708096638005
CH,2022,738465.0,4577.7,0.7065724122489477,59.03322368048395,161.31791074120193
CH,2023,744561.5,4648.6,0.6834945566112786,57.48678379900595,160.16897560555864
CH,2024,754913.4,4669.1,0.6890991850399592,57.940423027321906,161.68285108479148
CH,2025,764727.9,4673.1,,,163.6446684213905
CZ,1997,110444.6,4835.7,,,22.839423454722173
CZ,1998,110010.4,4770.200000000001,,,23.062009978617244
CZ,1999,111526.7,4652.4,,,23.97186398418021
CZ,2000,115999.7,4617.3,,,25.12284235375652
CZ,2001,119383.6,4626.0,,,25.807090358841332
CZ,2002,121190.5,4677.3,,,25.91035426421226
CZ,2003,125190.8,4649.3,,,26.926806185877442
CZ,2004,131120.2,4629.4,,,28.323368039054742
CZ,2005,139479.2,4710.0,0.7761128628717486,59.025252148402934,29.61341825902336
CZ,2006,148717.1,4769.4,0.7682663241823173,58.923893105123575,31.181511301211895
CZ,2007,156879.9,4855.9,0.8101423355659058,62.37159019109474,32.30706975020079
CZ,2008,160978.1,4933.6,0.8070100985229159,62.37164152250579,32.62893221988001
CZ,2009,153253.8,4857.299999999999,0.8002108565432614,61.91476547133198,31.55123216601816
CZ,2010,157414.1,4809.6,0.8157488064019236,63.370858111688605,32.72914587491683
CZ,2011,160204.1,4796.3,0.8074499883648139,62.912834152034605,33.40160123428476
CZ,2012,158969.5,4810.299999999999,0.8091235004920568,63.21619374524354,33.04773091075401
CZ,2013,158903.0,4845.9,0.8100230888402088,63.36514939675974,32.79122557213314
CZ,2014,162470.7,4883.4,0.8141569640455285,64.21428093762245,33.269996314043496
CZ,2015,170527.3,4934.299999999999,0.8020897557926154,63.06137507324492,34.559572786413476
CZ,2016,174928.3,5015.9,0.8013455890859661,63.36115886885943,34.87475826870552
CZ,2017,183978.4,5093.9,0.7783516867847823,61.51509633399566,36.11739531596616
CZ,2018,189185.5,5146.9,0.7943755844635589,62.80964027047927,36.757174221375976
CZ,2019,195931.5,5151.0,0.7842255434506618,62.15682035343388,38.03756552125801
CZ,2020,185537.5,5086.9,0.7884808294431179,61.711217344703385,36.47358902278402
CZ,2021,193012.9,5066.1,0.8031401808684562,62.0696852242379,38.0989123783581
CZ,2022,198508.3,5021.7,0.7827549085022829,61.808509716967485,39.53009936873967
CZ,2023,198602.7,4890.3,0.7769996579590267,62.06069178849579,40.611557573155025
CZ,2024,201087.9,5010.4,0.7804692214463498,62.46481587405412,40.13410106977487
CZ,2025,206276.9,5063.299999999999,,,40.73961645567121
DE,1995,2356242.3,35461.0,,,66.44601957079608
DE,1996,2380697.2,35292.1,,,67.45694362194372
DE,1997,2424843.0,34946.9,,,69.38649780094944
DE,1998,2475658.3,35193.8,,,70.34359176900476
DE,1999,2528379.2,35742.4,,,70.73893191279825
DE,2000,2601108.6,35976.7,,,72.29981071082118
DE,2001,2643666.4,36144.9,,,73.14078611367025
DE,2002,2637632.1,35868.8,,,73.53555457667944
DE,2003,2623657.9,35523.0,,,73.85800467302874
DE,2004,2654147.1,35022.5,,,75.78405596402312
DE,2005,2677649.2,35844.7,0.6889671950322868,54.65326104825903,74.70139797515394
DE,2006,2781185.4,36633.0,0.7333800668718298,58.49573479922698,75.92021947424453
DE,2007,2861537.1,37397.2,0.7348710745863457,58.79583896991876,76.51741574235506
DE,2008,2886944.7,37902.3,0.711957909557298,57.06319682552582,76.16806104115054
DE,2009,2726876.5,37807.8,0.7174907983100924,57.60996184792545,72.12470707102767
DE,2010,2839623.0,37337.1,0.7244263071421394,58.30779951584955,76.05365708638325
DE,2011,2946335.1,38045.4,0.7231231585526102,58.20983701927892,77.44261067040956
DE,2012,2959991.7,38320.6,0.7147835113288075,57.60697642786627,77.24283283664661
DE,2013,2971742.8,38640.0,0.7122023018613203,57.34234228497021,76.90845755693582
DE,2014,3036532.3,38907.8,0.695823655716114,56.45102369007183,78.04430731113041
DE,2015,3087030.0,39175.8,0.8229191641538808,66.42068148076955,78.799411881825
DE,2016,3155630.7,40165.100000000006,0.8182152645095732,66.31396323029085,78.56648433590355
DE,2017,3243922.3,40481.600000000006,0.813288643044141,65.91092965987968,80.13325313228725
DE,2018,3280763.4,40635.7,0.8118655567511537,65.70800958774561,80.73598830584929
DE,2019,3312840.5,41065.0,0.814589192816959,66.26111738255096,80.67309144039936
DE,2020,3175956.8,40155.2,0.8109095561220834,65.7637802641973,79.09204287365024
DE,2021,3300136.7,39502.8,0.8116087347965243,65.61192704383696,83.54184260356227
DE,2022,3359844.7,40401.7,0.7572955888722094,61.05198869317013,83.16097342438562
DE,2023,3330625.9,40816.0,0.7715156398793153,62.556924943822075,81.60098735789886
DE,2024,3314110.9,40808.399999999994,0.7681329251133378,62.35339155479989,81.21148832103195
DE,2025,3321415.6,40596.9,,,81.81451293079029
FR,1995,1576638.1,21783.1,,,72.37895891769308
FR,1996,1598665.0,21893.800000000003,,,73.01907389306561
FR,1997,1639064.3,21849.3,,,75.01678772317649
FR,1998,1695654.5,22139.0,,,76.59128686932563
FR,1999,1753295.1,22414.2,,,78.22251519126269
FR,2000,1825899.0,23028.9,,,79.2872868439222
FR,2001,1860581.3,23584.1,,,78.89134204824437
FR,2002,1880447.7,23784.3,,,79.06256227847781
FR,2003,1898647.2,24513.4,,,77.45344179102041
FR,2004,1953105.2,24475.5,0.784024170143865,62.94380017408588,79.79837796980654
FR,2005,1989990.8,24873.4,0.7909098380483819,63.48666102728774,80.00477618660898
FR,2006,2044000.5,25049.8,0.7864604598175042,63.625904751782926,81.59747782417425
FR,2007,2095723.5,25459.4,0.7835578798852212,63.625624597916584,82.31629574931067
FR,2008,2103690.9,25792.5,0.7831607645474538,63.67718011786582,81.56211689444605
FR,2009,2044271.0,25544.5,0.775166632794638,63.16117313558463,80.02783378026581
FR,2010,2085163.1,25580.6,0.766022853550062,62.62542980964587,81.51345550925312
FR,2011,2135990.5,25564.0,0.7685479260962035,63.164217156567304,83.55462760131435
FR,2012,2139917.2,25568.199999999997,0.7704838717623566,63.21899184280622,83.69447986170323
FR,2013,2156646.2,25546.4,0.7735930821560533,63.67036213221424,84.42074812889487
FR,2014,2178165.9,26108.6,0.7707512953793996,63.812548575567085,83.42714278053975
FR,2015,2201401.6,26136.3,0.7719713469470698,63.631743840368244,84.22774455450849
FR,2016,2220334.3,26239.0,0.7670549605580586,63.374125946408284,84.61962346125995
FR,2017,2266597.6,26434.2,0.7707792385224148,63.73917589594919,85.74489108806017
FR,2018,2303903.7,26646.1,0.7728986328538473,63.968034287594655,86.46307339535618
FR,2019,2350614.1,26710.9,0.7739069677508745,64.16463070231742,88.0020553407036
FR,2020,2175713.2,26563.0,0.785507735139883,64.62265450701636,81.90766103226292
FR,2021,2325453.2,27273.800000000003,0.8035213256594014,66.22236965352643,85.2632636449633
FR,2022,2388630.2,27815.5,0.7841384416274052,64.47342191749853,85.87407021265123
FR,2023,2427636.2,28012.0,0.7696694158663154,63.809228883254015,86.66415107810938
FR,2024,2464158.7,28363.6,0.7663605042863908,63.60298666057526,86.87750144551468
FR,2025,2483983.3,28732.7,,,86.4514403449728
NO,1995,228413.8,2007.0,,,113.80857000498256
NO,1996,239764.8,2074.7,,,115.56600954354847
NO,1997,251973.8,2133.8,,,118.08688724341549
NO,1998,258842.3,2201.6,,,117.57008539244185
NO,1999,264491.9,2218.3,,,119.23179912545643
NO,2000,273599.6,2238.5,,,122.22452535179806
NO,2001,279518.6,2241.3,,,124.71271137286394
NO,2002,283592.6,2257.7,,,125.6112858218541
NO,2003,286701.8,2224.8,,,128.866325062927
NO,2004,299116.4,2233.3,0.8201228626612749,65.59742046730314,133.93471544351408
NO,2005,307999.3,2242.9,0.8126529603298865,65.14211702377777,137.3219046769807
NO,2006,316769.0,2307.8,0.8028050535281699,64.59062363220356,137.26016119247768
NO,2007,327603.4,2383.3,0.8237924065244773,66.34842142950832,137.45789451600723
NO,2008,330298.9,2457.3999999999996,0.8609727353799171,69.49812219149362,134.40990477740704
NO,2009,324970.3,2437.5,0.8457665657925717,68.39885657181577,133.32114871794872
NO,2010,328236.0,2431.6000000000004,0.8607177004307951,69.8,134.98766244448097
NO,2011,332782.2,2460.5,0.9229094393755585,75.04970273184284,135.2498272708799
NO,2012,342179.8,2505.5,0.8738311122933331,71.15178584680307,136.57146278187986
NO,2013,346535.5,2519.7,0.8543146126921285,69.80487979767484,137.5304599753939
NO,2014,353796.1,2536.6,0.8653588292083512,71.00606264640669,139.4765039817078
NO,2015,361028.8,2544.5,0.8553345996792281,70.35893892177826,141.885950088426
NO,2016,365691.8,2544.6,0.8490116918482125,69.91459492115915,143.71288218187536
NO,2017,375454.4,2549.6,0.8586066336439443,70.90683654104535,147.26011923438972
NO,2018,379623.4,2587.4,0.8511801848704211,70.41009511824774,146.7200278271624
NO,2019,385202.8,2615.7,0.840173823522809,69.66219878263102,147.26566502274727
NO,2020,379961.8,2605.2,0.8251327305850833,68.61612152962788,145.84745892829727
NO,2021,395704.3,2657.8,0.8178092883155699,67.9692396031509,148.88415230641883
NO,2022,411850.6,2729.2,0.8166191404743431,67.3227610791721,150.90524695881578
NO,2023,413303.2,2752.9,0.7824745144134254,64.91528734643789,150.13374986378003
NO,2024,419187.5,2767.4,0.7781950903842344,64.66745837945027,151.47340463973404
NO,2025,423621.7,2767.7,,,153.05911045272248
PL,1997,222538.5,14636.599999999999,,,15.204248254376019
PL,1998,232823.3,14878.5,,,15.648304600598177
PL,1999,243764.1,14522.5,,,16.785271131003615
PL,2000,255114.6,14145.4,,,18.03516337466597
PL,2001,258262.1,13906.400000000001,,,18.571456307887015
PL,2002,263172.2,13508.7,,,19.4816821751908
PL,2003,272444.7,13379.5,,,20.362846145222168
PL,2004,286314.3,13420.0,,,21.334895678092398
PL,2005,295650.5,13834.1,0.8536836771056928,64.14207845242692,21.371140876529733
PL,2006,313987.0,14338.400000000001,0.805887870435878,60.7236698953837,21.898328962785246
PL,2007,335214.0,14996.5,0.7902950586897021,59.61505522330618,22.352815656986632
PL,2008,349909.0,15557.4,0.80410672694561,60.87460994293656,22.491483152711893
PL,2009,359059.6,15629.5,0.7972284377178817,60.47191785498779,22.973198118941742
PL,2010,370437.9,15233.0,0.7905193313991226,60.459883711037165,24.318118558392964
PL,2011,389906.1,15312.8,0.7966613471607,61.21480887413244,25.462756648033018
PL,2012,395800.7,15340.199999999999,0.7935705782836894,61.00877028752154,25.801534530188658
PL,2013,398508.9,15313.3,0.7909464325617898,61.00564817871432,26.02371141426081
PL,2014,414132.5,15591.0,0.7887202584074913,61.29614662120874,26.562279520236032
PL,2015,432485.8,15811.5,0.7954103816834835,61.699400501725876,27.352610441767066
PL,2016,445595.2,15901.900000000001,0.8079859898650635,63.00272083207379,28.02150686395965
PL,2017,468554.3,16078.8,0.7974542046428483,62.09648229461361,29.14112371570018
PL,2018,497819.6,16133.4,0.8034183236357945,62.46084177642983,30.856459270829458
PL,2019,520622.0,16549.2,0.8016364409937292,62.55107064496567,31.459043337442292
PL,2020,510024.4,16557.0,0.8136935411166174,62.36382694535753,30.804155342151358
PL,2021,545354.7,16742.9,0.8290809229105289,62.71254346618787,32.572296316647645
PL,2022,574015.6,16810.9,0.8087438783119828,62.50357301582951,34.14544135055232
PL,2023,575448.4,16865.1,0.8050428944016467,63.094333460413395,34.12066338177657
PL,2024,594143.0,16771.300000000003,0.8244831472180068,64.74952195422459,35.42617447663567
PL,2025,615721.8,16748.0,,,36.76390016718415
RO,1997,92401.8,10175.7,,,9.080633273386598
RO,1998,90526.2,10013.2,,,9.040686294091797
RO,1999,90185.2,9869.7,,,9.137582702615074
RO,2000,92404.9,9765.0,,,9.462867383512544
RO,2001,97226.8,9674.1,,,10.050216557612595
RO,2002,102771.6,8974.5,,,11.451512619087415
RO,2003,105177.6,8764.5,,,12.000410747903475
RO,2004,116145.7,8787.6,,,13.216998953070235
RO,2005,121567.5,8651.2,,,14.052096818938413
RO,2006,131327.9,8837.6,,,14.860131709966506
RO,2007,140827.9,8842.5,0.8407135392718005,61.47735555088301,15.92625388747526
RO,2008,153935.5,8882.2,0.8362807040898644,61.536437317123045,17.33078516583729
RO,2009,145443.3,8804.7,0.8245100758232448,60.780186734141246,16.518825172919005
RO,2010,139762.5,8306.7,0.7775699903112959,57.35394584877232,16.8252735743436
RO,2011,146045.7,8139.5,0.7687373387108049,57.19472093229689,17.94283432643283
RO,2012,148825.9,8221.6,0.7739543417175283,57.599999999999994,18.10181716454218
RO,2013,149240.7,8178.9,0.7787075174547032,58.44130922792793,18.24703811025933
RO,2014,155383.5,8254.3,0.7876626750355125,59.00228204693855,18.824552051657925
RO,2015,160289.0,8234.8,0.7895660878699672,59.15344603021734,19.464832175644826
RO,2016,164873.2,8166.1,0.7889326007867394,59.390665883626426,20.189956037765885
RO,2017,178385.3,8363.2,0.7807179867625115,58.69104479450643,21.329790032523434
RO,2018,188008.3,8381.8,0.788300571107236,59.40433867368545,22.43053997947935
RO,2019,195454.0,8407.900000000001,0.7969283675253566,60.2574555416381,23.24647058123907
RO,2020,188421.5,8272.2,0.8067650478817057,59.91264998961655,22.777677038756316
RO,2021,198949.3,7667.6,0.7931550344155567,57.75999480669955,25.946749960874325
RO,2022,207280.7,7728.299999999999,0.7849079584514754,59.0088673071997,26.820995561766498
RO,2023,211960.5,7613.5,0.7741210141986751,59.14261971570216,27.840086688119786
RO,2024,213902.1,7771.5,0.8490922810586166,64.97614879835801,27.52391430225825
RO,2025,215352.0,7614.599999999999,,,28.281459301867468
