country,sex,year,pop_total,hly_birth,employed_ths,vacancies_sex,jobs,required_service_years,supply_py,demand_py,balance_py,supply_per_demand
BG,F,2011,3780505.0,65.9,1386.4,7707.72099060632,1394107.7209906064,36.83,249135279.50000003,51344987.36408403,197790292.135916,4.852183091085361
BG,F,2012,3760457.0,65.7,1377.7,7816.278558844865,1385516.278558845,36.83,247062024.9,51028564.53932226,196033460.36067775,4.841641679134747
BG,F,2013,3701945.0,66.6,1371.5,6984.350103824191,1378484.3501038242,36.83,246549536.99999997,50769578.61432384,195779958.38567615,4.856245486552845
BG,F,2014,3662824.0,66.1,1384.1,7489.879799480768,1391589.8797994808,36.83,242112666.39999998,51252255.27301487,190860411.1269851,4.723941709692454
BG,F,2015,3621883.0,65.0,1401.8,8333.485320329579,1410133.4853203297,36.83,235422395.0,51935216.26434774,183487178.73565227,4.533001149002854
BG,F,2016,3578998.0,67.5,1385.0,9166.25469654402,1394166.254696544,36.83,241582365.0,51347143.16047371,190235221.8395263,4.70488424730836
BG,F,2017,3537549.0,66.2,1434.8,9051.18188325633,1443851.1818832564,36.83,234185743.8,53177039.02876033,181008704.7712397,4.403888371320237
BG,F,2018,3494184.0,67.6,1432.2,9738.917997262773,1441938.9179972627,36.83,236206838.39999998,53106610.34983918,183100228.0501608,4.447786007127741
BG,F,2019,3450251.0,68.4,1380.4,9441.518974881195,1389841.5189748812,36.83,235997168.4,51187863.14384487,184809305.25615513,4.610412584264668
BG,F,2020,3405861.0,67.8,1324.1,7808.657072774759,1331908.6570727748,36.83,230917375.79999998,49054195.839990295,181863179.9600097,4.70739295275023
BG,F,2021,3389807.0,65.1,1304.1,8487.839771666548,1312587.8397716666,36.83,220676435.7,48342610.13879048,172333825.5612095,4.564843211122511
BG,F,2022,3364303.0,68.9,1337.5,8993.059589185765,1346493.0595891858,36.83,231800476.70000002,49591339.384669706,182209137.31533033,4.674212868137558
BG,F,2023,3348207.0,71.0,1331.9,8371.282028564343,1340271.2820285643,36.83,237722697.0,49362191.31711202,188360505.68288797,4.815886220950455
BG,F,2024,3347783.0,71.4,1330.4,8148.157614861032,1338548.157614861,36.83,239031706.20000002,49298728.64495532,189732977.5550447,4.84863834768404
BG,M,2011,3588926.0,62.1,1541.1,8567.77900939368,1549667.7790093936,39.83,222872304.6,61723267.63794415,161149036.96205586,3.610831265566214
BG,M,2012,3566767.0,62.1,1517.2,8607.721441155134,1525807.721441155,39.83,221496230.70000002,60772921.5450012,160723309.1549988,3.644653326991796
BG,M,2013,3500611.0,62.4,1518.0,7730.399896175809,1525730.3998961758,39.83,218438126.4,60769841.827864684,157668284.57213533,3.5945153028165358
BG,M,2014,3454629.0,62.0,1543.3,8351.370200519232,1551651.3702005192,39.83,214186998.0,61802274.075086676,152384723.92491332,3.4656815012951383
BG,M,2015,3407807.0,61.5,1571.7,9343.514679670421,1581043.5146796703,39.83,209580130.5,62972963.18969127,146607167.31030872,3.3280970099610694
BG,M,2016,3359761.0,64.0,1569.3,10385.995303455979,1579685.995303456,39.83,215024704.0,62918893.19293665,152105810.80706334,3.4174902495605077
BG,M,2017,3311969.0,62.9,1638.6,10336.818116743672,1648936.8181167436,39.83,208322850.1,65677153.465589896,142645696.63441008,3.171922641396847
BG,M,2018,3263234.0,64.0,1636.6,11128.832002737225,1647728.8320027373,39.83,208846976.0,65629039.37866902,143217936.62133098,3.182234236204289
BG,M,2019,3213926.0,64.4,1565.6,10708.231025118803,1576308.2310251188,39.83,206976834.4,62784356.84173048,144192477.55826953,3.2966306387713127
BG,M,2020,3163414.0,63.6,1509.3,8900.842927225243,1518200.8429272252,39.83,201193130.4,60469939.57379138,140723190.82620862,3.3271594418328188
BG,M,2021,3142310.0,61.6,1481.3,9641.160228333454,1490941.1602283334,39.83,193566296.0,59384186.411894515,134182109.58810548,3.2595596184042206
BG,M,2022,3118181.0,64.5,1503.2,10107.190410814237,1513307.1904108142,39.83,201122674.5,60275025.39406273,140847649.10593727,3.336749726526224
BG,M,2023,3099503.0,66.3,1489.8,9363.71797143566,1499163.7179714357,39.83,205497048.9,59711690.886802286,145785358.01319772,3.4414876860474197
BG,M,2024,3097698.0,66.8,1490.4,9128.092385138967,1499528.0923851389,39.83,206926226.4,59726203.91970008,147200022.48029992,3.4645802481973496
CH,F,2011,3992708.0,64.7,1916.5,27168.72727381752,1943668.7272738174,44.0,258328207.60000002,85521424.00004797,172806783.59995204,3.020625657494374
CH,F,2012,4032409.0,67.6,1944.7,25196.354216595875,1969896.3542165959,44.0,272590848.4,86675439.58553022,185915408.81446975,3.1449606682526343
CH,F,2013,4070536.0,58.4,1966.0,26414.91261952989,1992414.91261953,44.0,237719302.4,87666256.15525933,150053046.24474066,2.7116397212057586
CH,F,2014,4117540.0,56.7,2006.8,27295.63455465775,2034095.6345546579,44.0,233464518.0,89500207.92040494,143964310.07959506,2.6085360405824596
CH,F,2015,4163786.0,57.8,2041.6,24699.987461962613,2066299.9874619625,44.0,240666830.79999998,90917199.44832635,149749631.35167363,2.6470990336298827
CH,F,2016,4205655.0,57.7,2074.6,25183.44702810246,2099783.4470281024,44.0,242666293.5,92390471.66923651,150275821.8307635,2.626529436593419
CH,F,2017,4246113.0,59.4,2078.7,28080.229828933192,2106780.229828933,44.0,252219112.2,92698330.11247304,159520782.08752695,2.7208592851022955
CH,F,2018,4277696.0,59.5,2099.4,34611.76132668063,2134011.7613266804,44.0,254522912.0,93896517.49837394,160626394.50162607,2.7106746744298342
CH,F,2019,4307406.0,60.0,2125.8,39147.64997018486,2164947.649970185,44.0,258444360.0,95257696.59868814,163186663.40131187,2.7131073837403625
CH,F,2020,4337170.0,60.7,2123.3,31423.749778682723,2154723.749778683,44.0,263266219.0,94807844.99026205,168458374.00973797,2.776840028660505
CH,F,2021,4367701.0,59.3,2130.3,42723.24866824341,2173023.248668243,44.0,259004669.29999998,95613022.9414027,163391646.35859728,2.7088848499093405
CH,F,2022,4400588.0,56.7,2151.2,57969.66371758743,2209169.6637175875,44.0,249513339.60000002,97203465.20357385,152309874.39642617,2.5669181554118734
CH,F,2023,4435432.0,55.4,2186.0,55655.03990448736,2241655.0399044873,44.0,245722932.79999998,98632821.75579745,147090111.04420254,2.491289698761527
CH,F,2024,4510726.0,56.5,2205.9,47812.5317084663,2253712.5317084664,44.0,254856019.0,99163351.39517252,155692667.60482746,2.5700625827417016
CH,M,2011,3877426.0,66.3,2252.7,31934.772726182477,2284634.7727261824,44.0,257073343.79999998,100523929.99995202,156549413.80004796,2.5573347938159867
CH,M,2012,3922253.0,68.6,2269.6,29405.895783404118,2299005.895783404,44.0,269066555.79999995,101156259.41446978,167910296.38553017,2.6599100970860103
CH,M,2013,3968524.0,61.5,2279.8,30631.08738047011,2310431.0873804702,44.0,244064226.0,101658967.84474069,142405258.1552593,2.4008135354349522
CH,M,2014,4022091.0,60.6,2300.0,31283.61544534225,2331283.6154453424,44.0,243738714.6,102576479.07959506,141162235.52040493,2.3761657329929307
CH,M,2015,4073880.0,61.1,2329.1,28178.262538037383,2357278.2625380373,44.0,248914068.0,103720243.55167364,145193824.44832635,2.399860041554863
CH,M,2016,4121471.0,61.0,2348.5,28508.302971897534,2377008.3029718976,44.0,251409731.0,104588365.33076349,146821365.6692365,2.40380208835763
CH,M,2017,4173437.0,61.8,2375.7,32092.27017106681,2407792.2701710667,44.0,257918406.6,105942859.88752693,151975546.71247306,2.434504853595761
CH,M,2018,4206434.0,61.5,2390.0,39402.73867331938,2429402.7386733196,44.0,258695691.0,106893720.50162606,151801970.49837393,2.4201205626112037
CH,M,2019,4237121.0,61.0,2402.1,44235.85002981514,2446335.850029815,44.0,258464381.0,107638777.40131186,150825603.59868813,2.401219962173687
CH,M,2020,4268863.0,62.2,2395.1,35446.250221317285,2430546.250221317,44.0,265523278.60000002,106944035.00973795,158579243.59026206,2.482824578068542
CH,M,2021,4302599.0,63.2,2393.8,48007.75133175659,2441807.751331757,44.0,271924256.8,107439541.0585973,164484715.74140272,2.5309513994637514
CH,M,2022,4338203.0,61.4,2426.5,65388.336282412565,2491888.3362824125,44.0,266365664.2,109643086.79642615,156722577.40357384,2.429388591499252
CH,M,2023,4379953.0,59.6,2462.6,62697.210095512615,2525297.2100955127,44.0,261045198.8,111113077.24420255,149932121.55579746,2.349365216717732
CH,M,2024,4451532.0,59.4,2463.2,53389.46829153369,2516589.4682915336,44.0,264421000.79999998,110729936.60482748,153691064.1951725,2.3879811450056594
CZ,F,2011,5339500.0,63.6,2063.5,15483.5638669391,2078983.5638669392,35.0,339592200.0,72764424.73534288,266827775.26465714,4.667008654780919
CZ,F,2012,5347235.0,64.1,2078.6,16800.284608028607,2095400.2846080286,35.0,342757763.49999994,73339009.961281,269418753.53871894,4.673607725015068
CZ,F,2013,5351776.0,64.2,2103.8,15622.969272993667,2119422.9692729935,35.0,343584019.2,74179803.92455477,269404215.2754452,4.631773084078858
CZ,F,2014,5350039.0,65.0,2119.9,22774.79493795307,2142674.794937953,35.0,347752535.0,74993617.82282835,272758917.17717165,4.63709506349676
CZ,F,2015,5361348.0,63.7,2159.1,40432.85918468679,2199532.859184687,35.0,341517867.6,76983650.07146405,264534217.52853596,4.4362389583108675
CZ,F,2016,5367513.0,64.0,2210.3,54704.47332482706,2265004.473324827,35.0,343520832.0,79275156.56636894,264245675.43363106,4.333272198742431
CZ,F,2017,5378133.0,62.4,2251.0,75096.341064803,2326096.341064803,35.0,335595499.2,81413371.9372681,254182127.2627319,4.1221176720034185
CZ,F,2018,5390264.0,63.4,2285.2,112912.02992092328,2398112.029920923,35.0,341742737.59999996,83933921.0472323,257808816.55276766,4.071568840536956
CZ,F,2019,5405606.0,62.6,2288.1,127716.49149679673,2415816.4914967967,35.0,338390935.6,84553577.20238788,253837358.39761215,4.0020889333874745
CZ,F,2020,5421943.0,62.5,2244.9,107515.92170083943,2352415.9217008394,35.0,338871437.5,82334557.25952938,256536880.24047062,4.115786235806583
CZ,F,2021,5323934.0,63.4,2236.5,100383.8021851128,2336883.8021851126,35.0,337537415.59999996,81790933.07647894,255746482.523521,4.126831702535833
CZ,F,2022,5332932.0,62.4,2223.5,94267.84109464922,2317767.8410946494,35.0,332774956.8,81121874.43831272,251653082.3616873,4.1021605960677245
CZ,F,2023,5519006.0,62.6,2145.0,71070.03941475983,2216070.0394147597,35.0,345489775.6,77562451.37951659,267927324.22048342,4.454343170634241
CZ,F,2024,5557945.0,63.2,2267.0,66819.01509859493,2333819.015098595,35.0,351262124.0,81683665.52845083,269578458.47154915,4.3002737662116015
CZ,M,2011,5147231.0,62.2,2732.8,20505.686133060903,2753305.686133061,35.0,320157768.2,96365699.01465714,223792069.18534285,3.322320820308731
CZ,M,2012,5158210.0,62.3,2731.7,22078.965391971396,2753778.965391971,35.0,321356483.0,96382263.788719,224974219.211281,3.334186917464922
CZ,M,2013,5164349.0,62.5,2742.1,20363.03072700634,2762463.0307270065,35.0,322771812.5,96686206.07544523,226085606.42455477,3.3383439644755306
CZ,M,2014,5162380.0,63.4,2763.5,29689.205062046934,2793189.205062047,35.0,327294892.0,97761622.17717165,229533269.82282835,3.347887286555549
CZ,M,2015,5176927.0,62.4,2775.2,51970.39081531322,2827170.3908153134,35.0,323040244.8,98950963.67853597,224089281.12146404,3.2646498102784274
CZ,M,2016,5186330.0,62.7,2805.6,69438.02667517295,2875038.026675173,35.0,325182891.0,100626330.93363106,224556560.06636894,3.231588471753751
CZ,M,2017,5200687.0,60.6,2842.9,94842.908935197,2937742.908935197,35.0,315161632.2,102821001.8127319,212340630.38726807,3.0651484292479907
CZ,M,2018,5219791.0,62.2,2861.7,141396.97007907674,3003096.970079077,35.0,324671000.2,105108393.9527677,219562606.2472323,3.088916003662815
CZ,M,2019,5244194.0,61.7,2862.9,159800.50850320325,3022700.5085032033,35.0,323566769.8,105794517.79761212,217772252.00238788,3.058445527574428
CZ,M,2020,5271996.0,60.9,2842.0,136113.07829916058,2978113.0782991606,35.0,321064556.4,104233957.74047062,216830598.65952936,3.0802299304360115
CZ,M,2021,5170902.0,60.7,2829.6,127004.69781488719,2956604.6978148874,35.0,313873751.40000004,103481164.42352106,210392586.976479,3.0331486232160834
CZ,M,2022,5183775.0,61.2,2798.2,118632.90890535078,2916832.9089053506,35.0,317247030.0,102089151.81168728,215157878.1883127,3.107548886146013
CZ,M,2023,5308523.0,61.5,2745.3,90959.71058524017,2836259.7105852403,35.0,326474164.5,99269089.87048341,227205074.6295166,3.2887796687362756
CZ,M,2024,5342610.0,61.7,2743.4,80860.73490140509,2824260.734901405,35.0,329639037.0,98849125.72154917,230789911.27845085,3.3347693729590415
DE,F,2011,41097465.0,58.6,17707.9,395539.337723483,18103439.337723482,45.0,2408311449.0,814654770.1975567,1593656678.8024433,2.956235619188697
DE,F,2012,41097953.0,57.9,17808.6,374329.44698021427,18182929.446980216,45.0,2379571478.7,818231825.1141098,1561339653.58589,2.908187393429909
DE,F,2013,41142770.0,57.0,18056.1,369297.59553765523,18425397.595537655,45.0,2345137890.0,829142891.7991945,1515994998.2008057,2.8283881019726045
DE,F,2014,41210540.0,56.5,18210.0,407078.05889821576,18617078.058898214,45.0,2328395510.0,837768512.6504196,1490626997.3495803,2.7792826715744363
DE,F,2015,41362080.0,67.5,18367.7,433361.7350902853,18801061.735090286,45.0,2791940400.0,846047778.0790628,1945892621.920937,3.29997959020595
DE,F,2016,41661561.0,67.3,18789.7,456321.56974276167,19246021.56974276,45.0,2803823055.2999997,866070970.6384243,1937752084.6615753,3.237405651909983
DE,F,2017,41824535.0,66.7,18929.4,515685.93863014306,19445085.93863014,45.0,2789696484.5,875028867.2383564,1914667617.2616436,3.188119374054995
DE,F,2018,41948786.0,66.3,19027.9,589198.9466786595,19617098.94667866,45.0,2781204511.7999997,882769452.6005397,1898435059.19946,3.150544577190436
DE,F,2019,42052522.0,67.1,19258.7,639203.3580603921,19897903.358060393,45.0,2821724226.2,895405651.1127177,1926318575.0872822,3.151336182314074
DE,F,2020,42129098.0,66.8,18881.3,489865.49456795136,19371165.494567953,45.0,2814223746.4,871702447.2555579,1942521299.144442,3.2284224453656387
DE,F,2021,42128512.0,66.5,18588.4,627905.6425342001,19216305.6425342,45.0,2801546048.0,864733753.914039,1936812294.0859609,3.23977875886003
DE,F,2022,42170339.0,61.2,19033.1,853022.9363071356,19886122.936307136,45.0,2580824746.8,894875532.1338211,1685949214.6661792,2.8840041482037746
DE,F,2023,42198796.0,63.0,19234.5,814441.0669161604,20048941.06691616,45.0,2658524148.0,902202348.0112273,1756321799.9887729,2.9467049757300305
DE,F,2024,42294114.0,62.6,19240.3,653735.3314262505,19894035.33142625,45.0,2647611536.4,895231589.9141814,1752379946.4858189,2.957459908953621
DE,M,2011,39124600.0,57.8,20337.5,454276.412276517,20791776.412276518,45.0,2261401880.0,935629938.5524433,1325771941.4475567,2.416983239654259
DE,M,2012,39229947.0,57.3,20512.0,431153.80301978573,20943153.803019784,45.0,2247875963.1,942441921.1358902,1305434041.9641097,2.3851612631903283
DE,M,2013,39380976.0,57.7,20583.9,420998.15446234477,21004898.154462345,45.0,2272282315.2000003,945220416.9508055,1327061898.2491946,2.4039708352155307
DE,M,2014,39556923.0,56.4,20697.8,462691.9411017842,21160491.941101786,45.0,2231010457.2,952222137.3495804,1278788319.8504195,2.342951680801924
DE,M,2015,39835457.0,65.3,20808.1,490939.7649097146,21299039.764909714,45.0,2601255342.1,958456789.4209372,1642798552.6790628,2.7140037723261146
DE,M,2016,40514123.0,65.3,21375.4,519117.1802572382,21894517.18025724,45.0,2645572231.9,985253273.1115757,1660318958.7884245,2.6851696960568234
DE,M,2017,40697118.0,65.1,21552.2,587137.8113698569,22139337.81136986,45.0,2649382381.7999997,996270201.5116436,1653112180.288356,2.65930103879458
DE,M,2018,40843565.0,65.1,21607.8,669085.5533213406,22276885.55332134,45.0,2658916081.5,1002459849.8994603,1656456231.6005397,2.6523915962985156
DE,M,2019,40966691.0,65.4,21806.3,723759.1419396079,22530059.141939607,45.0,2679221591.4,1013852661.3872823,1665368930.0127177,2.6426143496373014
DE,M,2020,41037613.0,64.7,21273.9,551940.2554320487,21825840.255432047,45.0,2655133561.1,982162811.4944421,1672970749.605558,2.703353792290297
DE,M,2021,41026519.0,64.7,20914.4,706476.6074658,21620876.6074658,45.0,2654415779.3,972939447.335961,1681476331.9640393,2.7282435577755098
DE,M,2022,41066785.0,60.9,21368.6,957695.0636928644,22326295.063692864,45.0,2500967206.5,1004683277.8661789,1496283928.633821,2.48930908038177
DE,M,2023,40919705.0,62.1,21581.5,913819.4330838396,22495319.43308384,45.0,2541113680.5,1012289374.4887727,1528824306.0112271,2.510264104849777
DE,M,2024,41161931.0,62.1,21568.1,732827.9185737496,22300927.91857375,45.0,2556155915.1,1003541756.3358186,1552614158.7641811,2.547134585045233
FR,F,2011,33515819.0,63.6,12149.4,92791.96924581443,12242191.969245814,43.0,2131606088.4,526414254.67757,1605191833.7224302,4.049294010295397
FR,F,2012,33671600.0,63.8,12198.9,89707.1118381427,12288607.111838143,43.0,2148248080.0,528410105.8090402,1619837974.19096,4.06549393431992
FR,F,2013,33827685.0,64.3,12252.3,77116.31595547708,12329416.315955477,43.0,2175120145.5,530164901.5860855,1644955243.9139144,4.102723773287763
FR,F,2014,34120851.0,64.2,12607.2,84155.15809350177,12691355.1580935,43.0,2190558634.2000003,545728271.7980205,1644830362.40198,4.014009805617599
FR,F,2015,34283895.0,64.6,12662.5,90151.44980352996,12752651.44980353,43.0,2214739617.0,548364012.3415518,1666375604.6584482,4.038812845399739
FR,F,2016,34391005.0,64.1,12707.2,117495.35061549603,12824695.350615496,43.0,2204463420.5,551461900.0764663,1653001520.4235337,3.9974899810745343
FR,F,2017,34495464.0,64.9,12755.2,151234.39689493156,12906434.396894932,43.0,2238755613.6000004,554976679.0664821,1683778934.5335183,4.03396340431057
FR,F,2018,34611994.0,64.5,12891.9,162173.2375704137,13054073.237570414,43.0,2232473613.0,561325149.2155278,1671148463.7844722,3.9771487454641266
FR,F,2019,34739132.0,64.6,12992.1,192244.74219326192,13184344.742193261,43.0,2244147927.2,566926823.9143102,1677221103.2856896,3.9584437224286253
FR,F,2020,34828670.0,65.3,12929.7,181821.54345518202,13111521.543455182,43.0,2274312151.0,563795426.3685728,1710516724.6314273,4.033931537275725
FR,F,2021,34946473.0,66.9,13363.2,250329.59408663257,13613529.594086632,43.0,2337919043.7000003,585381772.5457252,1752537271.154275,3.9938364215421163
FR,F,2022,35109077.0,65.2,13644.9,324366.77569880104,13969266.775698802,43.0,2289111820.4,600678471.3550484,1688433349.0449517,3.810877082436594
FR,F,2023,35188809.0,64.1,13752.6,302915.5963301442,14055515.596330144,43.0,2255602656.8999996,604387170.6421962,1651215486.2578034,3.7320492003549512
FR,F,2024,35360111.0,63.7,13872.7,256695.88999721478,14129395.889997214,43.0,2252439070.7000003,607564023.2698802,1644875047.43012,3.707327926656161
FR,M,2011,31462902.0,62.7,13414.6,102455.03075418557,13517055.030754186,43.0,1972723955.4,581233366.32243,1391490589.07757,3.394030813959952
FR,M,2012,31605383.0,62.6,13369.3,98313.8881618573,13467613.888161857,43.0,1978496975.8,579107397.1909598,1399389578.6090403,3.4164595123408406
FR,M,2013,31772665.0,63.0,13294.1,83673.4340445229,13377773.434044523,43.0,2001677895.0,575244257.6639144,1426433637.3360856,3.47970078506977
FR,M,2014,32045129.0,63.4,13501.4,90124.09190649824,13591524.0919065,43.0,2031661178.6,584435535.9519795,1447225642.6480203,3.476279338987581
FR,M,2015,32174258.0,62.6,13473.8,95927.55019647005,13569727.55019647,43.0,2014108550.8,583498284.6584482,1430610266.1415517,3.4517814426463347
FR,M,2016,32247386.0,62.6,13531.8,125119.89938450398,13656919.899384504,43.0,2018686363.6000001,587247555.6735337,1431438807.9264665,3.437538980106442
FR,M,2017,32314352.0,62.5,13679.0,162187.60310506844,13841187.603105068,43.0,2019647000.0,595171066.9335179,1424475933.066482,3.393389081236369
FR,M,2018,32414230.0,63.4,13754.2,173020.51242958632,13927220.512429586,43.0,2055062182.0,598870482.0344722,1456191699.9655278,3.4315636580026103
FR,M,2019,32551339.0,63.7,13718.8,202997.75780673808,13921797.757806739,43.0,2073520294.3000002,598637303.5856898,1474882990.7143104,3.4637338533367785
FR,M,2020,32644981.0,63.9,13633.3,191715.78987815126,13825015.78987815,43.0,2086014285.8999999,594475678.9647604,1491538606.9352393,3.508998533855336
FR,M,2021,32782095.0,65.5,13910.6,260583.9059133674,14171183.905913368,43.0,2147227222.5,609360907.9542748,1537866314.5457253,3.5237364170744008
FR,M,2022,32982626.0,63.7,14170.6,336863.724301199,14507463.724301198,43.0,2100993276.2,623820940.1449516,1477172336.0550485,3.3679428518571553
FR,M,2023,33088401.0,63.5,14259.4,314078.4036698558,14573478.403669856,43.0,2101113463.5,626659571.3578038,1474453892.1421962,3.3528785955466196
FR,M,2024,33309192.0,63.5,14490.9,268134.8600027852,14759034.860002786,43.0,2115133692.0,634638498.9801198,1480495193.0198803,3.3328165489472723
NO,F,2011,2459456.0,76.1,1174.1,32818.73141637878,1206918.7314163789,42.75,187164601.6,51595775.768050194,135568825.8319498,3.6275179278513434
NO,F,2012,2486999.0,70.4,1191.0,30759.577429654757,1221759.5774296548,42.75,175084729.60000002,52230221.935117744,122854507.66488227,3.352172805574071
NO,F,2013,2515367.0,68.6,1198.4,29770.34964479899,1228170.349644799,42.75,172554176.2,52504282.44731516,120049893.75268483,3.28647813391503
NO,F,2014,2541622.0,69.8,1208.8,27785.935425372547,1236585.9354253726,42.75,177405215.6,52864048.739434674,124541166.86056532,3.355876438341396
NO,F,2015,2566978.0,68.9,1210.3,25738.079504814305,1236038.0795048142,42.75,176864784.20000002,52840627.89883081,124024156.30116922,3.347136308422131
NO,F,2016,2588874.0,67.8,1217.1,25292.03728483848,1242392.0372848385,42.75,175525657.2,53112259.59392685,122413397.60607314,3.304804927186163
NO,F,2017,2609187.0,70.0,1216.5,28267.187745136493,1244767.1877451364,42.75,182643090.0,53213797.276104584,129429292.72389542,3.4322506445525747
NO,F,2018,2627248.0,69.1,1226.0,31987.39854680374,1257987.3985468037,42.75,181542836.79999998,53778961.28787586,127763875.51212412,3.375722261131282
NO,F,2019,2643139.0,68.1,1239.5,34078.786558091524,1273578.7865580916,42.75,179997765.89999998,54445493.12535842,125552272.77464156,3.306017735674885
NO,F,2020,2661018.0,66.7,1237.2,29600.171464762785,1266800.1714647629,42.75,177489900.6,54155707.33011861,123334193.26988138,3.2773997303381037
NO,F,2021,2672110.0,65.75,1265.5,41493.00144856648,1306993.0014485666,42.75,175691232.5,55873950.81192622,119817281.68807378,3.144421147009689
NO,F,2022,2687938.0,64.8,1294.9,50257.79620401583,1345157.7962040158,42.75,174178382.4,57505495.78772168,116672886.61227833,3.0288997601719627
NO,F,2023,2723514.0,62.9,1312.4,55577.60616077591,1367977.606160776,42.75,171309030.6,58481042.66337317,112827987.93662682,2.929308760551413
NO,F,2024,2754485.0,62.3,1320.0,48053.19433403194,1368053.194334032,42.75,171604415.5,58484274.05777987,113120141.44222012,2.9341975815663273
NO,M,2011,2460849.0,74.0,1286.4,35957.76858362121,1322357.7685836211,42.75,182102826.0,56530794.606949806,125572031.3930502,3.2213031369209264
NO,M,2012,2498871.0,71.9,1314.5,33949.17257034524,1348449.1725703452,42.75,179668824.9,57646202.127382256,122022622.77261776,3.1167504236095436
NO,M,2013,2535908.0,71.0,1321.3,32823.40035520102,1354123.400355201,42.75,180049468.0,57888775.36518484,122160692.63481516,3.110265623416252
NO,M,2014,2567434.0,72.2,1327.8,30521.314574627453,1358321.3145746274,42.75,185368734.8,58068236.198065326,127300498.60193469,3.1922570227159057
NO,M,2015,2598824.0,71.8,1334.2,28372.920495185692,1362572.9204951858,42.75,186595563.2,58249992.35116919,128345570.84883079,3.2033577287886916
NO,M,2016,2625111.0,72.0,1327.5,27586.212715161517,1355086.2127151615,42.75,189007992.0,57929935.59357315,131078056.40642685,3.2626998470367514
NO,M,2017,2649130.0,71.8,1333.1,30976.56225486351,1364076.5622548636,42.75,190207534.0,58314273.036395416,131893260.96360458,3.2617663583199716
NO,M,2018,2668371.0,71.7,1361.4,35520.10145319626,1396920.1014531963,42.75,191322200.70000002,59718334.33712414,131603866.36287588,3.2037430853302253
NO,M,2019,2685073.0,71.2,1376.2,37837.21344190848,1414037.2134419086,42.75,191177197.6,60450090.87464159,130727106.7253584,3.1625626170927323
NO,M,2020,2706562.0,70.5,1368.0,32729.578535237222,1400729.5785352371,42.75,190812621.0,59881189.48238139,130931431.51761861,3.1865202186095862
NO,M,2021,2719259.0,70.15,1392.3,45650.498551433506,1437950.4985514334,42.75,190756018.85000002,61472383.81307378,129283635.03692624,3.1031173189908174
NO,M,2022,2737332.0,69.8,1434.3,55668.20379598418,1489968.2037959842,42.75,191065773.6,63696140.71227832,127369632.88772167,2.9996444284287604
NO,M,2023,2765470.0,66.9,1440.5,61002.39383922408,1501502.393839224,42.75,185009943.00000003,64189227.33662683,120820715.6633732,2.8822584517142498
NO,M,2024,2795718.0,67.0,1447.4,52691.05566596806,1500091.055665968,42.75,187313106.0,64128892.62972013,123184213.37027988,2.920884773132523
PL,F,2011,19633018.0,63.2,6816.7,26385.954936393082,6843085.954936394,20.0,1240806737.6000001,136861719.09872788,1103945018.5012722,9.066134385648919
PL,F,2012,19636496.0,62.8,6842.4,20325.989674189383,6862725.989674189,20.0,1233171948.8,137254519.7934838,1095917429.0065162,8.984563500389335
PL,F,2013,19636442.0,62.7,6827.7,19227.805153036905,6846927.8051530365,20.0,1231204913.4,136938556.10306072,1094266357.2969394,8.99092957043733
PL,F,2014,19613892.0,62.7,6984.2,25100.070701045475,7009300.070701046,20.0,1229791028.4,140186001.41402093,1089605026.985979,8.772566561535442
PL,F,2015,19608451.0,63.2,7121.3,32084.470717515735,7153384.470717516,20.0,1239254103.2,143067689.41435033,1096186413.7856498,8.662012424139265
PL,F,2016,19590169.0,64.6,7164.7,40040.03041146026,7204740.03041146,20.0,1265524917.3999999,144094800.60822922,1121430116.7917707,8.782585576010895
PL,F,2017,19595127.0,63.5,7236.7,54768.08444660049,7291468.084446601,20.0,1244290564.5,145829361.688932,1098461202.811068,8.532510532098405
PL,F,2018,19596388.0,64.3,7280.9,68879.69953791513,7349779.699537915,20.0,1260047748.3999999,146995593.9907583,1113052154.4092417,8.572010318072662
PL,F,2019,19592436.0,64.1,7411.5,63439.12504078747,7474939.125040787,20.0,1255875147.6,149498782.50081575,1106376365.099184,8.400571072163395
PL,F,2020,19584757.0,64.3,7404.2,37090.2033550764,7441290.203355077,20.0,1259299875.1,148825804.06710154,1110474071.0328984,8.461569436790784
PL,F,2021,19131216.0,64.6,7593.0,61376.77645449713,7654376.776454497,20.0,1235876553.6,153087535.52908993,1082789018.07091,8.073005743600573
PL,F,2022,19043758.0,64.1,7690.6,63704.1289044608,7754304.128904461,20.0,1220704887.8,155086082.5780892,1065618805.2219107,7.871143996337315
PL,F,2023,18980357.0,64.4,7775.5,50026.735558935325,7825526.735558935,20.0,1222334990.8000002,156510534.71117872,1065824456.0888214,7.8099215050007444
PL,F,2024,18914999.0,66.2,7743.1,49117.89706373387,7792217.897063734,20.0,1252172933.8,155844357.94127467,1096328575.8587253,8.034765905813826
PL,M,2011,18429700.0,59.1,8496.1,32886.545063606914,8528986.545063607,25.0,1089195270.0,213224663.6265902,875970606.3734097,5.108204892786014
PL,M,2012,18427296.0,59.1,8497.8,25243.510325810614,8523043.51032581,25.0,1089053193.6000001,213076087.75814524,875977105.8418549,5.111100006848933
PL,M,2013,18426093.0,59.2,8485.6,23896.694846963102,8509496.694846964,25.0,1090824705.6000001,212737417.3711741,878087288.228826,5.127563919311765
PL,M,2014,18403964.0,59.8,8606.8,30931.42929895452,8637731.429298954,25.0,1100557047.2,215943285.73247385,884613761.4675262,5.096509685248791
PL,M,2015,18397163.0,60.1,8690.2,39153.029282484276,8729353.029282484,25.0,1105669496.3,218233825.7320621,887435670.5679379,5.066444180186313
PL,M,2016,18377040.0,61.3,8737.2,48827.96958853973,8786027.96958854,25.0,1126512552.0,219650699.23971352,906861852.7602865,5.12865452238143
PL,M,2017,18377837.0,60.6,8842.1,66917.9155533995,8909017.9155534,25.0,1113696922.2,222725447.888835,890971474.3111651,5.000312863916025
PL,M,2018,18380299.0,60.5,8852.5,83747.55046208487,8936247.550462086,25.0,1112008089.5,223406188.76155216,888601900.7384479,4.977516941962956
PL,M,2019,18380376.0,60.9,9137.7,78214.62495921254,9215914.624959212,25.0,1119364898.3999999,230397865.62398028,888967032.7760196,4.858399600918412
PL,M,2020,18373381.0,60.3,9152.8,45849.5466449236,9198649.546644924,25.0,1107914874.3,229966238.6661231,877948635.6338768,4.81772837928844
PL,M,2021,17942141.0,60.7,9149.9,73961.72354550287,9223861.723545503,25.0,1089087958.7,230596543.08863756,858491415.6113625,4.722915374673992
PL,M,2022,17846003.0,60.8,9120.3,75546.87109553919,9195846.87109554,25.0,1085036982.3999999,229896171.7773885,855140810.6226113,4.719682689847726
PL,M,2023,17773379.0,61.7,9089.6,58481.5144410647,9148081.514441065,25.0,1096617484.3,228702037.86102664,867915446.4389733,4.794961577764217
PL,M,2024,17705971.0,63.2,9028.2,57269.852936266114,9085469.852936266,25.0,1119017367.2,227136746.32340664,891880620.8765934,4.926624094573835
RO,F,2011,10366110.0,57.0,3584.4,11202.81882179495,3595602.818821795,35.0,590868270.0,125846098.65876281,465022171.3412372,4.695165573643766
RO,F,2012,10318889.0,57.6,3599.8,10750.33928310791,3610550.339283108,35.0,594368006.4,126369261.87490878,467998744.5250912,4.703422316325285
RO,F,2013,10258594.0,58.1,3558.1,13200.455727542823,3571300.4557275428,35.0,596024311.4,124995515.950464,471028795.44953597,4.768365543898437
RO,F,2014,10201259.0,59.1,3577.3,16529.892737724582,3593829.8927377244,35.0,602894406.9,125784046.24582036,477110360.65417963,4.793091213823417
RO,F,2015,10163573.0,59.3,3530.6,21154.531330451257,3551754.5313304514,35.0,602699878.9,124311408.5965658,478388470.3034342,4.848307051655837
RO,F,2016,10110852.0,59.0,3498.6,25340.33310882796,3523940.333108828,35.0,596540268.0,123337911.65880898,473202356.34119105,4.836633440415433
RO,F,2017,10041869.0,58.3,3619.5,25685.91210601205,3645185.912106012,35.0,585440962.6999999,127581506.92371042,457859455.7762895,4.588760368303805
RO,F,2018,9978614.0,59.6,3590.2,25679.19483881744,3615879.194838817,35.0,594725394.4,126555771.8193586,468169622.5806414,4.699314664596181
RO,F,2019,9914008.0,60.6,3582.3,22609.703130389273,3604909.703130389,35.0,600788884.8000001,126171839.60956362,474617045.1904365,4.761671753848798
RO,F,2020,9868177.0,60.5,3504.3,15777.12349495902,3520077.123494959,35.0,597024708.5,123202699.32232356,473822009.17767644,4.8458736032890055
RO,F,2021,9814072.0,58.2,3201.4,17617.908439407376,3219017.9084394076,35.0,571178990.4,112665626.79537927,458513363.6046207,5.069682800747758
RO,F,2022,9802984.0,59.3,3282.1,18939.079817036087,3301039.079817036,35.0,581316951.1999999,115536367.79359627,465780583.40640366,5.031462926361963
RO,F,2023,9808880.0,58.9,3252.9,16837.661535430485,3269737.6615354307,35.0,577743032.0,114440818.15374008,463302213.84625995,5.048400049218965
RO,F,2024,9796206.0,65.9,3329.5,15189.571865148298,3344689.5718651484,35.0,645569975.4000001,117064135.01528019,528505840.3847199,5.514669162470085
RO,M,2011,9832949.0,57.4,4555.1,14236.681178205052,4569336.681178205,35.0,564411272.6,159926783.84123716,404484488.75876284,3.5291854124966555
RO,M,2012,9777107.0,57.6,4621.8,13802.410716892087,4635602.410716892,35.0,563161363.2,162246084.37509122,400915278.82490885,3.471032076792968
RO,M,2013,9761480.0,58.8,4620.8,17143.044272457177,4637943.044272457,35.0,573975024.0,162328006.549536,411647017.450464,3.5358964617411592
RO,M,2014,9746052.0,58.9,4677.0,21611.35726227542,4698611.357262275,35.0,574042462.8,164451397.50417963,409591065.29582036,3.4906511681386614
RO,M,2015,9707074.0,59.0,4704.2,28186.468669548743,4732386.468669549,35.0,572717366.0,165633526.40343422,407083839.5965658,3.45773816712101
RO,M,2016,9649733.0,59.8,4667.5,33806.66689117204,4701306.666891172,35.0,577054033.4,164545733.341191,412508300.058809,3.506952272068091
RO,M,2017,9602080.0,59.1,4743.7,33663.83789398794,4777363.837893988,35.0,567482928.0,167207734.3262896,400275193.6737104,3.3938796568621186
RO,M,2018,9554867.0,59.2,4791.6,34272.305161182565,4825872.305161183,35.0,565648126.4,168905530.68064138,396742595.71935856,3.3489023368305255
RO,M,2019,9500450.0,59.9,4825.6,30456.79686961072,4856056.79686961,35.0,569076955.0,169961987.89043635,399114967.10956365,3.3482601731326396
RO,M,2020,9460661.0,59.3,4767.9,21466.12650504098,4789366.126505041,35.0,561017197.3,167627814.4276764,393389382.8723235,3.346802553117178
RO,M,2021,9387590.0,57.3,4466.2,24578.34156059262,4490778.341560593,35.0,537908907.0,157177241.95462075,380731665.0453793,3.4223078373859095
RO,M,2022,9240114.0,58.7,4446.2,25656.420182963913,4471856.420182964,35.0,542394691.8000001,156514974.70640373,385879717.09359634,3.465449186682891
RO,M,2023,9246348.0,59.4,4360.6,22571.338464569515,4383171.338464569,35.0,549233071.1999999,153410996.84625992,395822074.35374,3.5801414663279396
RO,M,2024,9271370.0,64.0,4442.0,20264.9281348517,4462264.928134852,35.0,593367680.0,156179272.4847198,437188407.5152802,3.7992729160526317
