country,sex,year,employed_ths,hly_65,hly_birth,le_15_alt,le_65,le_birth,pop_total,unemp_rate,working_life_yrs,pop_15_64,pop_65p,coicop_education,coicop_hotels_rest,coicop_recreation,gov_health_exp,gov_social_exp,nace_q_va,vacancy_count,vacancy_rate,covid,statutory_retirement_age,required_service_years,healthy_share,potential_workers,span_ceiling,supply_ceiling,supply_realized,realization_ratio,vacancies_sex,jobs,demand,balance_ceiling,balance_realized
BG,F,2011,1386.4,9.7,65.9,63.6,17.3,77.8,3780505.0,11.1,29.8,2500139.0,806802.0,504.5,3848.7,3733.5,1714.0,5033.2,1565.4,16275.5,0.7,0,62.5,36.83,0.847043701799486,2117726.993573265,47.5,100592032.19473009,63108264.408483304,0.6273684210526316,7707.720990606321,1394107.7209906064,51344987.36408403,49247044.83064606,11763277.044399276
BG,F,2012,1377.7,9.5,65.7,63.7,17.3,77.9,3760457.0,11.8,30.3,2464803.0,819712.0,501.9,4317.3,3870.7,1839.3,5196.6,1603.4,16424.0,0.725,0,62.5,36.83,0.8433889602053916,2078787.6392811297,47.5,98742412.86585367,62987265.470218234,0.6378947368421053,7816.278558844865,1385516.278558845,51028564.53932226,47713848.32653141,11958700.930895977
BG,F,2013,1371.5,9.9,66.6,64.3,17.9,78.6,3701945.0,12.8,30.7,2386505.0,831059.0,460.0,3789.2,3887.4,1899.1,5672.0,1556.4,14714.75,0.6499999999999999,0,62.5,36.83,0.8473282442748091,2022153.0916030533,47.5,96052271.85114503,62080099.912213735,0.6463157894736842,6984.350103824191,1378484.3501038242,50769578.61432384,45282693.23682119,11310521.297889896
BG,F,2014,1384.1,9.6,66.1,63.7,17.6,78.0,3662824.0,11.3,30.7,2337596.0,845114.0,528.0,4042.8,4229.8,2345.5,5728.2,1436.1,15841.25,0.725,0,62.5,36.83,0.8474358974358973,1980962.7641025637,47.5,94095731.29487178,60815556.857948706,0.6463157894736842,7489.879799480769,1391589.8797994808,51252255.27301487,42843476.021856904,9563301.584933832
BG,F,2015,1401.8,9.5,65.0,63.7,17.6,78.2,3621883.0,9.3,30.8,2289505.0,857993.0,582.9,4148.3,4433.1,2429.9,5949.1,1458.3,17677.0,0.8,0,62.5,36.83,0.8312020460358056,1903041.240409207,47.5,90394458.91943733,58613670.20460358,0.648421052631579,8333.485320329577,1410133.4853203297,51935216.26434774,38459242.655089594,6678453.940255843
BG,F,2016,1385.0,10.1,67.5,64.0,17.9,78.5,3578998.0,7.9,30.2,2239011.0,872549.0,661.3,3927.7,4680.0,2414.3,6001.1,1376.2,19552.25,0.8500000000000001,0,62.5,36.83,0.8598726114649682,1925264.2356687898,47.5,91450051.19426751,58142979.91719745,0.6357894736842105,9166.25469654402,1394166.254696544,51347143.16047371,40102908.0337938,6795836.756723739
BG,F,2017,1434.8,9.2,66.2,63.9,17.8,78.4,3537549.0,6.9,31.6,2191727.0,882753.0,680.5,3980.5,4767.9,2547.4,6436.5,1367.4,19388.0,0.8250000000000001,0,62.5,36.83,0.8443877551020408,1850667.4413265307,47.5,87906703.4630102,58481091.14591837,0.6652631578947369,9051.18188325633,1443851.1818832564,53177039.02876033,34729664.43424988,5304052.11715804
BG,F,2018,1432.2,10.2,67.6,64.0,18.0,78.6,3494184.0,5.6,31.4,2145067.0,889460.0,697.8,3935.0,4907.8,2785.9,6720.5,1461.9,20867.75,0.925,0,62.5,36.83,0.8600508905852418,1844866.7837150127,47.5,87631172.22646311,57928817.0086514,0.6610526315789473,9738.917997262773,1441938.9179972627,53106610.34983918,34524561.87662393,4822206.658812217
BG,F,2019,1380.4,10.4,68.4,64.2,18.1,78.8,3450251.0,4.8,32.4,2098942.0,897380.0,633.8,3988.8,5502.8,2845.5,7047.7,1488.8,20149.75,0.875,0,62.5,36.83,0.868020304568528,1821924.2741116753,47.5,86541403.02030458,59030346.48121828,0.6821052631578947,9441.518974881195,1389841.5189748812,51187863.14384487,35353539.8764597,7842483.337373406
BG,F,2020,1324.1,9.9,67.8,62.8,17.1,77.5,3405861.0,5.6,31.7,2055172.0,903489.0,692.9,2620.8,4865.7,3600.0,8051.5,1713.7,16709.5,0.75,1,62.5,36.83,0.8748387096774193,1797944.0206451612,47.5,85402340.98064515,56994825.454451606,0.6673684210526316,7808.657072774759,1331908.6570727748,49054195.839990295,36348145.140654854,7940629.61446131
BG,F,2021,1304.1,9.0,65.1,60.6,15.5,75.1,3389807.0,4.9,31.2,2034545.0,907815.0,886.3,3076.3,5887.2,4170.4,9209.1,1770.3,18129.0,0.775,1,62.5,36.83,0.8668442077230359,1763633.5486018641,47.5,83772593.55858855,55025366.71637816,0.6568421052631579,8487.839771666548,1312587.8397716666,48342610.13879048,35429983.41979807,6682756.577587679
BG,F,2022,1337.5,10.9,68.9,63.4,17.3,77.9,3364303.0,3.9,32.7,2000622.0,918038.0,910.1,4125.0,5692.9,4770.2,11403.0,2003.5,19100.25,0.8500000000000001,0,62.5,36.83,0.8844672657252889,1769484.6700898588,47.5,84050521.82926829,57862148.71193839,0.688421052631579,8993.059589185765,1346493.0595891858,49591339.384669706,34459182.444598585,8270809.327268682
BG,F,2023,1331.9,12.0,71.0,65.1,18.8,79.7,3348207.0,4.2,33.4,1985676.0,918032.0,,,,5098.1,13060.9,2102.0,17735.0,0.775,0,62.5,36.83,0.890840652446675,1768920.9033877037,47.5,84023742.91091593,59081958.1731493,0.7031578947368421,8371.282028564341,1340271.2820285643,49362191.31711202,34661551.593803905,9719766.856037281
BG,F,2024,1330.4,12.7,71.4,65.0,18.8,79.5,3347783.0,3.9,33.5,1976632.0,927678.0,,,,5618.4,15091.9,2388.7,17276.25,0.775,0,62.5,36.83,0.8981132075471698,1775239.3056603775,47.5,84323867.01886792,59470516.739622645,0.7052631578947368,8148.157614861032,1338548.157614861,49298728.64495532,35025138.3739126,10171788.094667323
BG,M,2011,1541.1,8.6,62.1,56.7,14.0,70.7,3588926.0,13.3,32.4,2533710.0,553649.0,504.5,3848.7,3733.5,1714.0,5033.2,1565.4,16275.5,0.7,0,64.75,39.83,0.8783592644978784,2225507.6520509194,49.75,110719005.68953323,72106447.92644979,0.6512562814070352,8567.77900939368,1549667.7790093936,61723267.63794415,48995738.05158909,10383180.288505644
BG,M,2012,1517.2,8.7,62.1,56.9,13.9,70.9,3566767.0,14.6,32.7,2501386.0,561367.0,501.9,4317.3,3870.7,1839.3,5196.6,1603.4,16424.0,0.725,0,64.75,39.83,0.8758815232722144,2190917.779971791,49.75,108998159.5535966,71643011.40507758,0.6572864321608041,8607.721441155134,1525807.721441155,60772921.5450012,48225238.0085954,10870089.860076375
BG,M,2013,1518.0,8.7,62.4,57.2,14.2,71.3,3500611.0,14.9,33.2,2421346.0,566960.0,460.0,3789.2,3887.4,1899.1,5672.0,1556.4,14714.75,0.6499999999999999,0,64.75,39.83,0.8751753155680224,2119102.2496493687,49.75,105425336.92005609,70354194.68835905,0.6673366834170855,7730.399896175809,1525730.3998961758,60769841.827864684,44655495.092191406,9584352.860494368
BG,M,2014,1543.3,8.7,62.0,56.8,14.1,71.1,3454629.0,13.3,33.3,2372162.0,574324.0,528.0,4042.8,4229.8,2345.5,5728.2,1436.1,15841.25,0.725,0,64.75,39.83,0.8720112517580872,2068551.9549929677,49.75,102910459.76090014,68882780.10126582,0.6693467336683416,8351.370200519234,1551651.3702005192,61802274.075086676,41108185.685813464,7080506.026179142
BG,M,2015,1571.7,8.7,61.5,56.8,14.0,71.2,3407807.0,10.8,33.4,2323762.0,581563.0,582.9,4148.3,4433.1,2429.9,5949.1,1458.3,17677.0,0.8,0,64.75,39.83,0.8637640449438202,2007182.0646067415,49.75,99857307.71418539,67039880.95786516,0.671356783919598,9343.514679670423,1581043.5146796703,62972963.18969127,36884344.52449412,4066917.768173896
BG,M,2016,1569.3,9.2,64.0,56.9,14.2,71.3,3359761.0,9.2,33.1,2273830.0,590290.0,661.3,3927.7,4680.0,2414.3,6001.1,1376.2,19552.25,0.8500000000000001,0,64.75,39.83,0.8976157082748949,2041025.5259467042,49.75,101541019.91584854,67557944.90883592,0.6653266331658292,10385.995303455979,1579685.995303456,62918893.19293665,38622126.72291189,4639051.715899266
BG,M,2017,1638.6,8.4,62.9,56.9,14.1,71.4,3311969.0,7.4,34.5,2226571.0,594422.0,680.5,3980.5,4767.9,2547.4,6436.5,1367.4,19388.0,0.8250000000000001,0,64.75,39.83,0.8809523809523808,1961503.0238095236,49.75,97584775.43452379,67671854.32142857,0.6934673366834171,10336.818116743672,1648936.8181167436,65677153.465589896,31907621.968933895,1994700.8558386713
BG,M,2018,1636.6,9.2,64.0,56.9,14.2,71.5,3263234.0,6.7,34.6,2180076.0,595914.0,697.8,3935.0,4907.8,2785.9,6720.5,1461.9,20867.75,0.925,0,64.75,39.83,0.8951048951048951,1951396.6993006994,49.75,97081985.7902098,67518325.7958042,0.6954773869346734,11128.832002737225,1647728.8320027373,65629039.37866902,31452946.411540776,1889286.417135179
BG,M,2019,1565.6,9.2,64.4,56.9,14.2,71.6,3213926.0,5.5,35.6,2133627.0,598980.0,633.8,3988.8,5502.8,2845.5,7047.7,1488.8,20149.75,0.875,0,64.75,39.83,0.899441340782123,1919072.329608939,49.75,95473848.3980447,68318974.93407823,0.7155778894472362,10708.231025118805,1576308.2310251188,62784356.84173048,32689491.556314223,5534618.092347749
BG,M,2020,1509.3,8.6,63.6,55.2,12.9,70.0,3163414.0,6.4,34.7,2089098.0,600626.0,692.9,2620.8,4865.7,3600.0,8051.5,1713.7,16709.5,0.75,1,64.75,39.83,0.9085714285714286,1898094.7542857144,49.75,94430214.0257143,65863887.97371429,0.6974874371859298,8900.842927225242,1518200.8429272252,60469939.57379138,33960274.451922916,5393948.399922915
BG,M,2021,1481.3,7.7,61.6,53.3,11.6,68.0,3142310.0,5.4,33.9,2071184.0,597768.0,886.3,3076.3,5887.2,4170.4,9209.1,1770.3,18129.0,0.775,1,64.75,39.83,0.9058823529411765,1876249.0352941176,49.75,93343389.50588235,63604842.29647058,0.6814070351758794,9641.160228333454,1490941.1602283334,59384186.411894515,33959203.09398784,4220655.884576067
BG,M,2022,1503.2,9.2,64.5,56.1,13.2,70.6,3118181.0,4.3,35.5,2046678.0,600611.0,910.1,4125.0,5692.9,4770.2,11403.0,2003.5,19100.25,0.8500000000000001,0,64.75,39.83,0.9135977337110482,1869840.3824362608,49.75,93024559.02620398,66379333.57648726,0.7135678391959799,10107.190410814237,1513307.1904108142,60275025.39406273,32749533.632141247,6104308.18242453
BG,M,2023,1489.8,10.4,66.3,57.6,14.6,72.0,3099503.0,4.4,35.8,2033232.0,597351.0,,,,5098.1,13060.9,2102.0,17735.0,0.775,0,64.75,39.83,0.9208333333333333,1872267.7999999998,49.75,93145323.05,67027187.23999999,0.7195979899497487,9363.71797143566,1499163.7179714357,59711690.886802286,33433632.16319771,7315496.353197701
BG,M,2024,1490.4,11.0,66.8,57.7,14.7,72.2,3097698.0,4.4,36.0,2026915.0,603231.0,,,,5618.4,15091.9,2388.7,17276.25,0.775,0,64.75,39.83,0.9252077562326869,1875317.4792243766,49.75,93297044.59141274,67511429.25207756,0.7236180904522613,9128.092385138967,1499528.0923851389,59726203.91970008,33570840.67171266,7785225.332377486
CH,F,2011,1916.5,12.8,64.7,70.4,22.6,85.0,3992708.0,4.8,38.2,2655045.0,758153.0,3078.5,28597.0,23949.0,9840.9,64626.2,37158.7,59103.5,1.275,0,64.5,44.0,0.7611764705882353,2020957.7823529413,49.5,100037410.22647059,77200587.28588237,0.7717171717171718,27168.72727381752,1943668.7272738174,85521424.00004797,14515986.226422623,-8320836.714165598
CH,F,2012,1944.7,14.2,67.6,70.3,22.3,84.9,4032409.0,4.7,38.5,2676120.0,775054.0,3147.6,27870.7,24504.1,10923.0,67087.2,38976.8,54602.25,1.15,0,64.5,44.0,0.7962308598351,2130809.3286219076,49.5,105475061.76678443,82036159.15194345,0.7777777777777778,25196.354216595875,1969896.3542165959,86675439.58553022,18799622.181254208,-4639280.433586776
CH,F,2013,1966.0,10.4,58.4,70.4,22.4,85.0,4070536.0,4.9,38.7,2696259.0,790363.0,3205.7,28171.9,24162.1,11235.7,70640.5,40901.4,57046.0,1.175,0,64.5,44.0,0.6870588235294117,1852488.536470588,49.5,91698182.55529411,71691306.36141177,0.7818181818181819,26414.91261952989,1992414.91261953,87666256.15525933,4031926.4000347853,-15974949.79384756
CH,F,2014,2006.8,9.4,56.7,70.5,22.7,85.4,4117540.0,5.0,39.3,2721690.0,806295.0,3059.4,27870.4,23951.0,11474.7,71721.3,42664.2,58579.25,1.2,0,64.5,44.0,0.6639344262295082,1807023.68852459,49.5,89447672.5819672,71016030.95901638,0.7939393939393938,27295.634554657747,2034095.6345546579,89500207.92040494,-52535.338437736034,-18484176.96138856
CH,F,2015,2041.6,9.7,57.8,70.3,22.4,85.1,4163786.0,4.9,39.6,2746256.0,821864.0,3064.9,27547.3,24349.9,13296.5,82609.1,43622.4,52878.25,1.075,0,64.5,44.0,0.6792009400705054,1865259.6568742658,49.5,92330353.01527615,73864282.41222093,0.8,24699.987461962613,2066299.9874619625,90917199.44832635,1413153.5669497997,-17052917.036105424
CH,F,2016,2074.6,9.8,57.7,70.6,22.9,85.6,4205655.0,5.0,40.0,2768685.0,835426.0,3115.6,27676.9,23393.4,13415.7,82928.1,45877.7,53691.75,1.1,0,64.5,44.0,0.6740654205607477,1866274.8189252338,49.5,92380603.53679907,74650992.75700936,0.8080808080808081,25183.44702810246,2099783.4470281024,92390471.66923651,-9868.132437437773,-17739478.912227154
CH,F,2017,2078.7,10.2,59.4,70.7,22.8,85.6,4246113.0,5.1,40.0,2787314.0,848449.0,3175.8,28324.8,23291.2,13003.5,81896.4,47711.5,60172.5,1.2,0,64.5,44.0,0.6939252336448598,1934187.5186915887,49.5,95742282.17523363,77367500.74766354,0.8080808080808081,28080.22982893319,2106780.229828933,92698330.11247304,3043952.0627605915,-15330829.364809498
CH,F,2018,2099.4,10.2,59.5,70.8,23.0,85.7,4277696.0,5.1,40.3,2799023.0,861379.0,3313.9,28824.3,22398.7,13042.7,79660.8,49158.9,74014.5,1.45,0,64.5,44.0,0.6942823803967327,1943312.351225204,49.5,96193961.3856476,78315487.75437571,0.814141414141414,34611.76132668063,2134011.7613266804,93896517.49837394,2297443.8872736543,-15581029.74399823
CH,F,2019,2125.8,10.5,60.0,70.9,23.0,85.8,4307406.0,4.7,40.5,2808664.0,874250.0,3442.9,29246.9,22163.8,14085.6,83812.9,50716.4,83383.5,1.625,0,64.5,44.0,0.6993006993006993,1964100.6993006992,49.5,97222984.61538461,79546078.32167831,0.8181818181818182,39147.64997018486,2164947.649970185,95257696.59868814,1965288.016696468,-15711618.27700983
CH,F,2020,2123.3,11.1,60.7,70.5,22.2,85.1,4337170.0,5.0,40.3,2819612.0,887796.0,3386.4,20875.8,19375.0,16800.5,106769.0,49929.2,66870.0,1.3,1,64.5,44.0,0.7132784958871916,2011168.6063454761,49.5,99552846.01410107,81050094.83572268,0.814141414141414,31423.749778682723,2154723.749778683,94807844.99026205,4745001.023839027,-13757750.154539362
CH,F,2021,2130.3,10.9,59.3,71.0,23.0,85.8,4367701.0,5.3,40.4,2833462.0,899207.0,3427.3,19400.0,19335.3,19011.2,98166.5,53279.6,90731.0,1.7,1,64.5,44.0,0.6911421911421911,1958325.1351981352,49.5,96937094.1923077,79116335.46200466,0.8161616161616161,42723.24866824341,2173023.248668243,95613022.9414027,1324071.2509049922,-16496687.479398042
CH,F,2022,2151.2,10.1,56.7,70.8,22.6,85.5,4400588.0,4.4,40.1,2844510.0,914173.0,3438.7,28514.9,21594.1,18199.3,99767.8,55796.8,123358.0,2.225,0,64.5,44.0,0.6631578947368422,1886359.2631578948,49.5,93374783.5263158,75643006.4526316,0.8101010101010101,57969.66371758743,2209169.6637175875,97203465.20357385,-3828681.6772580594,-21560458.75094226
CH,F,2023,2186.0,10.2,55.4,71.2,23.0,86.0,4435432.0,4.3,40.6,2861595.0,928581.0,,,,18606.2,107410.1,57173.7,118352.25,2.125,0,64.5,44.0,0.6441860465116279,1843399.5697674418,49.5,91248278.70348836,74842022.53255814,0.8202020202020203,55655.03990448737,2241655.0399044873,98632821.75579745,-7384543.052309081,-23790799.223239303
CH,F,2024,2205.9,11.1,56.5,71.3,23.0,85.9,4510726.0,4.6,40.9,2908814.0,948299.0,,,,19623.3,114099.4,60467.5,101202.0,1.825,0,64.5,44.0,0.6577415599534342,1913247.8579743886,49.5,94705768.96973224,78251837.39115249,0.8262626262626263,47812.5317084663,2253712.5317084664,99163351.39517252,-4457582.425440282,-20911514.004020035
CH,M,2011,2252.7,12.7,66.3,65.9,19.2,80.5,3877426.0,4.1,44.1,2694579.0,571541.0,3078.5,28597.0,23949.0,9840.9,64626.2,37158.7,59103.5,1.275,0,64.5,44.0,0.8236024844720496,2219261.9590062113,49.5,109853466.97080746,97869452.39217392,0.890909090909091,31934.77272618248,2284634.7727261824,100523929.99995202,9329536.970855445,-2654477.607778102
CH,M,2012,2269.6,13.6,68.6,66.0,19.3,80.6,3922253.0,4.3,44.2,2718741.0,590098.0,3147.6,27870.7,24504.1,10923.0,67087.2,38976.8,54602.25,1.15,0,64.5,44.0,0.8511166253101737,2313965.665012407,49.5,114541300.41811416,102277282.3935484,0.892929292929293,29405.89578340412,2299005.895783404,101156259.41446978,13385041.003644377,1121022.9790786207
CH,M,2013,2279.8,10.6,61.5,66.1,19.4,80.7,3968524.0,4.6,44.1,2743580.0,608255.0,3205.7,28171.9,24162.1,11235.7,70640.5,40901.4,57046.0,1.175,0,64.5,44.0,0.7620817843866171,2090832.342007435,49.5,103496200.92936803,92205706.28252788,0.890909090909091,30631.08738047011,2310431.0873804702,101658967.84474069,1837233.0846273452,-9453261.56221281
CH,M,2014,2300.0,10.4,60.6,66.4,19.6,81.1,4022091.0,4.7,44.3,2772917.0,626452.0,3059.4,27870.4,23951.0,11474.7,71721.3,42664.2,58579.25,1.2,0,64.5,44.0,0.747225647348952,2071994.700369914,49.5,102563737.66831075,91789365.22638719,0.8949494949494949,31283.61544534225,2331283.6154453424,102576479.07959506,-12741.411284312606,-10787113.853207871
CH,M,2015,2329.1,10.3,61.1,66.2,19.4,80.8,4073880.0,4.7,44.4,2800864.0,643701.0,3064.9,27547.3,24349.9,13296.5,82609.1,43622.4,52878.25,1.075,0,64.5,44.0,0.7561881188118812,2117980.079207921,49.5,104840013.92079209,94038315.51683168,0.896969696969697,28178.262538037383,2357278.2625380373,103720243.55167364,1119770.369118452,-9681928.034841955
CH,M,2016,2348.5,10.1,61.0,66.9,20.0,81.7,4121471.0,4.9,44.8,2826597.0,659626.0,3115.6,27676.9,23393.4,13415.7,82928.1,45877.7,53691.75,1.1,0,64.5,44.0,0.7466340269277846,2110433.500611995,49.5,104466458.28029375,94547420.82741736,0.905050505050505,28508.302971897534,2377008.3029718976,104588365.33076349,-121907.05046974123,-10040944.50334613
CH,M,2017,2375.7,10.9,61.8,66.8,20.0,81.6,4173437.0,4.6,44.9,2854186.0,674610.0,3175.8,28324.8,23291.2,13003.5,81896.4,47711.5,60172.5,1.2,0,64.5,44.0,0.7573529411764706,2161626.161764706,49.5,107000495.00735295,97057014.66323529,0.907070707070707,32092.27017106681,2407792.2701710667,105942859.88752693,1057635.1198260188,-8885845.224291638
CH,M,2018,2390.0,10.6,61.5,67.0,20.2,81.9,4206434.0,4.4,44.9,2865687.0,688986.0,3313.9,28824.3,22398.7,13042.7,79660.8,49158.9,74014.5,1.45,0,64.5,44.0,0.7509157509157509,2151889.5054945056,49.5,106518530.52197804,96619838.7967033,0.907070707070707,39402.73867331938,2429402.7386733196,106893720.50162606,-375189.97964802384,-10273881.704922765
CH,M,2019,2402.1,11.2,61.0,67.3,20.3,82.1,4237121.0,4.1,44.7,2874816.0,703051.0,3442.9,29246.9,22163.8,14085.6,83812.9,50716.4,83383.5,1.625,0,64.5,44.0,0.7429963459196103,2135977.78319123,49.5,105730900.2679659,95478206.908648,0.9030303030303031,44235.85002981515,2446335.850029815,107638777.40131186,-1907877.1333459616,-12160570.49266386
CH,M,2020,2395.1,10.7,62.2,66.4,19.3,81.0,4268863.0,4.7,44.6,2885703.0,718004.0,3386.4,20875.8,19375.0,16800.5,106769.0,49929.2,66870.0,1.3,1,64.5,44.0,0.7679012345679013,2215934.8962962963,49.5,109688777.36666666,98830696.37481482,0.901010101010101,35446.250221317285,2430546.250221317,106944035.00973795,2744742.356928706,-8113338.63492313
CH,M,2021,2393.8,11.6,63.2,67.0,20.1,81.8,4302599.0,4.9,44.4,2900897.0,730463.0,3427.3,19400.0,19335.3,19011.2,98166.5,53279.6,90731.0,1.7,1,64.5,44.0,0.7726161369193154,2241279.8337408314,49.5,110943351.77017115,99512824.61809291,0.896969696969697,48007.75133175659,2441807.751331757,107439541.0585973,3503810.711573854,-7926716.440504387
CH,M,2022,2426.5,11.1,61.4,67.0,20.0,81.8,4338203.0,3.9,44.4,2913320.0,747146.0,3438.7,28514.9,21594.1,18199.3,99767.8,55796.8,123358.0,2.225,0,64.5,44.0,0.7506112469437652,2186770.75794621,49.5,108245152.5183374,97092621.65281172,0.896969696969697,65388.336282412565,2491888.3362824125,109643086.79642615,-1397934.2780887485,-12550465.143614426
CH,M,2023,2462.6,10.9,59.6,67.6,20.5,82.4,4379953.0,3.9,44.8,2935406.0,763042.0,,,,18606.2,107410.1,57173.7,118352.25,2.125,0,64.5,44.0,0.7233009708737864,2123182.009708738,49.5,105097509.48058254,95118554.03495145,0.905050505050505,62697.210095512615,2525297.2100955127,111113077.24420255,-6015567.763620019,-15994523.209251106
CH,M,2024,2463.2,11.3,59.4,67.8,20.4,82.4,4451532.0,4.2,44.5,2979765.0,781987.0,,,,19623.3,114099.4,60467.5,101202.0,1.825,0,64.5,44.0,0.7208737864077669,2148034.4781553396,49.5,106327706.66868931,95587534.27791262,0.898989898989899,53389.46829153369,2516589.4682915336,110729936.60482748,-4402229.936138168,-15142402.326914862
CZ,F,2011,2063.5,8.7,63.6,66.4,19.2,81.1,5339500.0,7.9,30.5,3622042.0,976668.0,519.1,6955.4,6973.1,12652.1,22333.3,6333.2,35989.25,0.9,0,64.5,35.0,0.7842170160295932,2840466.96917386,49.5,140603114.97410607,86634242.55980273,0.6161616161616161,15483.5638669391,2078983.5638669392,72764424.73534288,67838690.2387632,13869817.82445985
CZ,F,2012,2078.6,8.9,64.1,66.5,19.2,81.2,5347235.0,8.2,30.9,3586946.0,1009982.0,496.4,6860.7,6658.7,12541.7,22268.0,6566.6,38879.25,0.975,0,64.5,35.0,0.7894088669950738,2831566.977832512,49.5,140162565.40270934,87495419.61502461,0.6242424242424243,16800.284608028607,2095400.2846080286,73339009.961281,66823555.44142833,14156409.65374361
CZ,F,2013,2103.8,8.9,64.2,66.6,19.3,81.3,5351776.0,8.3,31.5,3547946.0,1044063.0,467.6,6793.1,6721.5,12096.1,22056.0,6596.2,35986.0,0.925,0,64.5,35.0,0.7896678966789669,2801699.0553505537,49.5,138684103.2398524,88253520.24354245,0.6363636363636364,15622.969272993669,2119422.9692729935,74179803.92455477,64504299.31529763,14073716.318987682
CZ,F,2014,2119.9,9.3,65.0,67.0,19.8,82.0,5350039.0,7.4,31.6,3508186.0,1073615.0,474.6,6681.7,6810.4,11934.1,21146.5,6787.2,52464.0,1.3,0,64.5,35.0,0.7926829268292683,2780879.1463414636,49.5,137653517.74390244,87875781.02439025,0.6383838383838384,22774.79493795307,2142674.794937953,74993617.82282835,62659899.92107409,12882163.201561898
CZ,F,2015,2159.1,8.6,63.7,66.7,19.4,81.6,5361348.0,6.1,32.0,3479387.0,1102381.0,474.9,6998.2,7033.2,12791.9,21867.2,6667.9,92403.25,2.175,0,64.5,35.0,0.7806372549019609,2716139.116421569,49.5,134448886.26286766,86916451.72549021,0.6464646464646465,40432.859184686786,2199532.8591846866,76983650.07146403,57465236.19140363,9932801.65402618
CZ,F,2016,2210.3,8.9,64.0,67.2,20.0,82.1,5367513.0,4.7,32.4,3447412.0,1128994.0,457.6,7307.8,7546.4,13177.3,22538.2,6869.0,124142.5,2.875,0,64.5,35.0,0.779537149817296,2687385.724725944,49.5,133025593.37393422,87071297.48112059,0.6545454545454545,54704.47332482706,2265004.473324827,79275156.56636894,53750436.80756529,7796140.914751649
CZ,F,2017,2251.0,8.5,62.4,67.1,19.8,82.0,5378133.0,3.6,32.8,3416329.0,1159177.0,443.3,7618.6,8022.7,14356.7,23935.8,7035.6,169939.25,3.8,0,64.5,35.0,0.7609756097560976,2599743.043902439,49.5,128687280.67317073,85271571.83999999,0.6626262626262626,75096.34106480301,2326096.341064803,81413371.9372681,47273908.73590264,3858199.9027318954
CZ,F,2018,2285.2,8.5,63.4,67.2,19.8,82.0,5390264.0,2.8,33.2,3390377.0,1185754.0,452.9,7669.5,8328.8,15807.2,26110.4,7158.0,254309.0,5.525,0,64.5,35.0,0.7731707317073171,2621340.265853659,49.5,129756343.15975611,87028496.82634148,0.6707070707070708,112912.02992092328,2398112.029920923,83933921.0472323,45822422.11252381,3094575.77910918
CZ,F,2019,2288.1,8.2,62.6,67.4,20.1,82.2,5405606.0,2.4,33.2,3370502.0,1209754.0,489.6,7923.8,9166.4,17055.6,28239.3,7477.0,287517.0,6.175000000000001,0,64.5,35.0,0.7615571776155717,2566829.99026764,49.5,127058084.51824819,85218755.67688565,0.6707070707070708,127716.49149679672,2415816.4914967967,84553577.20238788,42504507.3158603,665178.4744977653
CZ,F,2020,2244.9,7.9,62.5,66.6,19.1,81.3,5421943.0,3.0,32.7,3354390.0,1233653.0,447.3,4670.3,7722.3,20171.4,30918.4,7739.1,243629.0,5.35,1,64.5,35.0,0.7687576875768758,2578713.0996309966,49.5,127646298.43173432,84323918.3579336,0.6606060606060606,107515.92170083942,2352415.9217008394,82334557.25952938,45311741.17220494,1989361.0984042138
CZ,F,2021,2236.5,8.2,63.4,65.7,18.6,80.5,5323934.0,3.4,32.7,3257021.0,1245273.0,478.0,4588.7,8423.6,23444.8,32474.8,8196.0,227388.5,4.975,1,64.5,35.0,0.7875776397515528,2565156.9118012423,49.5,126975267.13416149,83880631.01590063,0.6606060606060606,100383.8021851128,2336883.8021851126,81790933.07647894,45184334.057682544,2089697.9394216835
CZ,F,2022,2223.5,7.7,62.4,67.2,19.8,81.9,5332932.0,2.8,33.4,3250058.0,1256328.0,562.6,5637.0,9718.9,25186.1,38158.3,8025.4,212900.75,4.725,0,64.5,35.0,0.7619047619047619,2476234.6666666665,49.5,122573615.99999999,82706237.86666666,0.6747474747474748,94267.84109464922,2317767.8410946494,81121874.43831272,41451741.56168726,1584363.4283539355
CZ,F,2023,2145.0,7.8,62.6,68.0,20.5,82.9,5519006.0,3.1,34.4,3385548.0,1278548.0,,,,28240.0,42821.7,8020.0,162029.75,3.675,0,64.5,35.0,0.7551266586248492,2556517.548854041,49.5,126547618.66827503,87944203.680579,0.6949494949494949,71070.03941475983,2216070.0394147597,77562451.37951659,48985167.28875844,10381752.30106242
CZ,F,2024,2267.0,8.2,63.2,68.3,20.6,83.0,5557945.0,3.0,34.8,3420347.0,1294312.0,,,,28968.0,42411.7,8218.2,147679.75,3.275,0,64.5,35.0,0.7614457831325302,2604408.8000000003,49.5,128918235.60000001,90633426.24000001,0.703030303030303,66819.01509859493,2333819.015098595,81683665.52845083,47234570.07154918,8949760.711549178
CZ,M,2011,2732.8,8.4,62.2,60.2,15.6,74.8,5147231.0,5.8,37.2,3705955.0,660301.0,519.1,6955.4,6973.1,12652.1,22333.3,6333.2,35989.25,0.9,0,64.5,35.0,0.8315508021390375,3081689.852941177,49.5,152543647.72058827,114638862.5294118,0.7515151515151516,20505.686133060903,2753305.686133061,96365699.01465714,56177948.70593113,18273163.514754653
CZ,M,2012,2731.7,8.3,62.3,60.4,15.7,75.1,5158210.0,6.0,37.5,3675822.0,691454.0,496.4,6860.7,6658.7,12541.7,22268.0,6566.6,38879.25,0.975,0,64.5,35.0,0.8295605858854861,3049317.051930759,49.5,150941194.07057258,114349389.44740346,0.7575757575757576,22078.965391971396,2753778.965391971,96382263.788719,54558930.28185359,17967125.658684462
CZ,M,2013,2742.1,8.5,62.5,60.6,15.7,75.2,5164349.0,5.9,37.8,3640265.0,723555.0,467.6,6793.1,6721.5,12096.1,22056.0,6596.2,35986.0,0.925,0,64.5,35.0,0.8311170212765957,3025486.203457447,49.5,149761567.07114363,114363378.49069148,0.7636363636363636,20363.030727006335,2762463.0307270065,96686206.07544523,53075360.99569839,17677172.41524625
CZ,M,2014,2763.5,8.5,63.4,61.0,16.1,75.8,5162380.0,5.1,38.1,3601234.0,751929.0,474.6,6681.7,6810.4,11934.1,21146.5,6787.2,52464.0,1.3,0,64.5,35.0,0.8364116094986808,3012113.9261213723,49.5,149099639.34300792,114761540.58522429,0.7696969696969698,29689.205062046938,2793189.205062047,97761622.17717165,51338017.165836275,16999918.40805264
CZ,M,2015,2775.2,8.0,62.4,61.0,15.9,75.7,5176927.0,4.2,38.2,3577437.0,778025.0,474.9,6998.2,7033.2,12791.9,21867.2,6667.9,92403.25,2.175,0,64.5,35.0,0.8243064729194187,2948904.4755614265,49.5,145970771.54029062,112648150.9664465,0.7717171717171718,51970.39081531322,2827170.3908153134,98950963.67853597,47019807.861754656,13697187.287910536
CZ,M,2016,2805.6,8.4,62.7,61.4,16.2,76.1,5186330.0,3.4,38.7,3550303.0,803418.0,457.6,7307.8,7546.4,13177.3,22538.2,6869.0,124142.5,2.875,0,64.5,35.0,0.8239159001314061,2925151.0919842315,49.5,144794979.05321947,113203347.25978976,0.7818181818181819,69438.02667517295,2875038.026675173,100626330.93363106,44168648.119588405,12577016.326158702
CZ,M,2017,2842.9,7.6,60.6,61.4,16.2,76.1,5200687.0,2.3,38.9,3526294.0,829745.0,443.3,7618.6,8022.7,14356.7,23935.8,7035.6,169939.25,3.8,0,64.5,35.0,0.7963206307490145,2808060.6622864655,49.5,138999002.78318006,109233559.7629435,0.7858585858585858,94842.908935197,2937742.908935197,102821001.8127319,36178000.97044815,6412557.9502115995
CZ,M,2018,2861.7,8.1,62.2,61.4,16.2,76.2,5219791.0,1.8,39.2,3508818.0,854429.0,452.9,7669.5,8328.8,15807.2,26110.4,7158.0,254309.0,5.525,0,64.5,35.0,0.8162729658792651,2864153.275590551,49.5,141775587.14173228,112274808.4031496,0.791919191919192,141396.97007907674,3003096.970079077,105108393.9527677,36667193.188964576,7166414.450381905
CZ,M,2019,2862.9,8.0,61.7,61.7,16.4,76.4,5244194.0,1.7,39.3,3499621.0,876863.0,489.6,7923.8,9166.4,17055.6,28239.3,7477.0,287517.0,6.175000000000001,0,64.5,35.0,0.8075916230366492,2826264.6034031413,49.5,139900097.8684555,111072198.91374344,0.7939393939393938,159800.50850320328,3022700.5085032033,105794517.79761212,34105580.07084338,5277681.116131321
CZ,M,2020,2842.0,7.0,60.9,60.6,15.2,75.3,5271996.0,2.2,39.2,3497717.0,897977.0,447.3,4670.3,7722.3,20171.4,30918.4,7739.1,243629.0,5.35,1,64.5,35.0,0.8087649402390439,2828830.880478088,49.5,140027128.58366534,110890170.51474105,0.791919191919192,136113.0782991606,2978113.0782991606,104233957.74047062,35793170.84319472,6656212.77427043
CZ,M,2021,2829.6,7.0,60.7,59.4,14.5,74.1,5170902.0,2.3,39.0,3401602.0,906561.0,478.0,4588.7,8423.6,23444.8,32474.8,8196.0,227388.5,4.975,1,64.5,35.0,0.8191632928475034,2786467.495276653,49.5,137930141.01619434,108672232.31578948,0.7878787878787878,127004.69781488719,2956604.6978148874,103481164.42352106,34448976.59267329,5191067.892268419
CZ,M,2022,2798.2,7.1,61.2,61.4,16.0,76.1,5183775.0,1.8,39.5,3404132.0,912781.0,562.6,5637.0,9718.9,25186.1,38158.3,8025.4,212900.75,4.725,0,64.5,35.0,0.8042049934296979,2737619.952693824,49.5,135512187.6583443,108135988.13140605,0.797979797979798,118632.90890535078,2916832.9089053506,102089151.81168728,33423035.846657023,6046836.319718778
CZ,M,2023,2745.3,7.4,61.5,62.1,16.7,76.9,5308523.0,2.2,39.9,3483324.0,929301.0,,,,28240.0,42821.7,8020.0,162029.75,3.675,0,64.5,35.0,0.7997399219765929,2785753.2639791938,49.5,137894786.56697008,111151555.23276983,0.806060606060606,90959.71058524017,2836259.7105852403,99269089.87048341,38625696.69648667,11882465.362286419
CZ,M,2024,2743.4,7.8,61.7,62.4,16.9,77.1,5342610.0,2.3,40.0,3515128.0,943010.0,,,,28968.0,42411.7,8218.2,147679.75,3.275,0,64.5,35.0,0.8002594033722439,2813014.2360570687,49.5,139244204.6848249,112520569.44228275,0.8080808080808081,80860.73490140509,2824260.734901405,98849125.72154917,40395078.963275746,13671443.720733583
DE,F,2011,17707.9,7.2,58.6,68.5,21.1,83.1,41097465.0,5.3,34.8,26252554.0,9544192.0,11069.7,76265.2,150948.1,183393.0,508806.0,211353.0,849815.75,2.3,0,66.33,45.0,0.7051744885679905,18512631.340553552,51.33,950253366.7106138,644239570.6512636,0.6779661016949152,395539.33772348304,18103439.337723482,814654770.1975567,135598596.5130571,-170415199.54629314
DE,F,2012,17808.6,6.8,57.9,68.5,21.0,83.1,41097953.0,4.9,34.9,26320919.0,9530081.0,12242.0,77173.4,155471.3,187751.0,518124.0,216682.9,805483.25,2.275,0,66.33,45.0,0.6967509025270758,18339124.068592057,51.33,941347238.4408302,640035429.9938627,0.6799142801480615,374329.44698021427,18182929.446980216,818231825.1141098,123115413.32672048,-178196395.120247
DE,F,2013,18056.1,7.0,57.0,68.4,20.9,83.0,41142770.0,4.6,35.4,26380997.0,9559811.0,12183.8,76544.1,155618.2,198358.0,532660.0,212114.4,790295.75,2.1,0,66.33,45.0,0.6867469879518072,18117070.22891566,51.33,929949214.8502408,641344286.1036144,0.6896551724137931,369297.59553765523,18425397.595537655,829142891.7991945,100806323.05104637,-187798605.69558
DE,F,2014,18210.0,6.7,56.5,68.7,21.4,83.6,41210540.0,4.4,35.6,26425103.0,9603343.0,12930.9,78750.8,155781.5,208744.0,549274.0,216903.9,869770.0,2.275,0,66.33,45.0,0.6758373205741627,17859070.807416268,51.33,916706104.544677,635782920.7440192,0.6935515293200858,407078.05889821576,18617078.058898214,837768512.6504196,78937591.89425743,-201985591.90640044
DE,F,2015,18367.7,12.3,67.5,68.3,21.0,83.1,41362080.0,4.0,35.7,26454019.0,9704986.0,13536.0,79667.0,163293.0,217303.0,577518.0,222111.0,924301.5,2.4,0,66.33,45.0,0.812274368231047,21487921.570397116,51.33,1102975014.208484,767118800.0631771,0.6954997077732321,433361.7350902853,18801061.735090286,846047778.0790628,256927236.12942111,-78928978.01588571
DE,F,2016,18789.7,12.4,67.3,68.7,21.3,83.5,41661561.0,3.5,36.0,26579349.0,9795137.0,14096.4,81802.1,168910.3,225355.0,611228.0,226532.1,975438.75,2.425,0,66.33,45.0,0.8059880239520958,21422636.978443112,51.33,1099623956.1034849,771214931.223952,0.701344243132671,456321.56974276167,19246021.56974276,866070970.6384243,233552985.4650606,-94856039.41447222
DE,F,2017,18929.4,12.4,66.7,68.7,21.2,83.4,41824535.0,3.1,36.3,26563605.0,9891662.0,14382.0,82917.4,174445.9,232664.0,634233.0,233704.1,1102823.75,2.725,0,66.33,45.0,0.7997601918465228,21244513.83093525,51.33,1090480894.9419065,771175852.0629495,0.7071887784921098,515685.938630143,19445085.93863014,875028867.2383564,215452027.7035501,-103853015.17540681
DE,F,2018,19027.9,12.2,66.3,68.6,21.1,83.3,41948786.0,2.7,36.5,26534455.0,9983467.0,14612.1,85283.5,176062.5,241356.0,648104.0,236209.4,1258284.5,3.05,0,66.33,45.0,0.7959183673469388,21119260.102040816,51.33,1084051621.037755,770852993.7244898,0.7110851353984026,589198.9466786595,19617098.94667866,882769452.6005397,201282168.43721533,-111916458.87604988
DE,F,2019,19258.7,12.8,67.1,68.9,21.4,83.7,42052522.0,2.6,36.9,26499025.0,10063384.0,14909.9,86860.9,179834.6,252983.0,679731.0,241097.2,1362962.5,3.275,0,66.33,45.0,0.8016726403823177,21243543.339307044,51.33,1090431079.6066306,783886749.2204299,0.7188778492109877,639203.3580603921,19897903.358060393,895405651.1127177,195025428.49391282,-111518901.89228785
DE,F,2020,18881.3,11.7,66.8,68.8,21.2,83.5,42129098.0,3.2,36.7,26426571.0,10162971.0,13175.9,57137.2,152058.4,287454.0,738247.0,245616.5,1041805.75,2.525,1,66.33,45.0,0.7999999999999999,21141256.799999997,51.33,1085180711.544,775884124.56,0.7149814923046952,489865.49456795136,19371165.494567953,871702447.2555579,213478264.28844202,-95818322.69555795
DE,F,2021,18588.4,11.4,66.5,68.5,21.1,83.3,42128512.0,3.2,36.9,26297968.0,10249109.0,13697.1,57647.0,152287.1,313269.0,753371.0,246648.1,1334382.25,3.2249999999999996,1,66.33,45.0,0.7983193277310925,20994176.134453785,51.33,1077631060.9815128,774685099.3613446,0.7188778492109877,627905.6425342001,19216305.6425342,864733753.914039,212897307.06747377,-90048654.55269444
DE,F,2022,19033.1,8.6,61.2,68.3,20.8,83.0,42170339.0,2.9,37.5,26198019.0,10327561.0,13798.6,82120.7,168632.7,329207.0,791785.0,256448.2,1810718.0,4.3,0,66.33,45.0,0.7373493975903614,19317093.527710844,51.33,991546410.7773976,724391007.2891567,0.7305669199298656,853022.9363071355,19886122.936307136,894875532.1338211,96670878.6435765,-170484524.84466445
DE,F,2023,19234.5,9.0,63.0,68.6,21.2,83.5,42198796.0,2.8,37.8,26175066.0,10362130.0,,,,312210.0,824412.0,252788.5,1728260.5,4.05,0,66.33,45.0,0.7544910179640718,19748852.191616766,51.33,1013708582.9956886,746506612.8431137,0.7364114552893045,814441.0669161603,20048941.06691616,902202348.0112273,111506234.98446131,-155695735.1681136
DE,F,2024,19240.3,8.8,62.6,68.8,21.2,83.5,42294114.0,3.2,38.2,26156242.0,10468972.0,,,,329254.0,883179.0,256128.9,1386563.25,3.2,0,66.33,45.0,0.7497005988023953,19609350.289820362,51.33,1006547950.3764791,749077181.0711379,0.7442041691018898,653735.3314262505,19894035.33142625,895231589.9141814,111316360.4622978,-146154408.84304345
DE,M,2011,20337.5,6.6,57.8,63.4,17.7,77.9,39124600.0,5.7,39.8,26509455.0,7032230.0,11069.7,76265.2,150948.1,183393.0,508806.0,211353.0,849815.75,2.3,0,66.33,45.0,0.741976893453145,19669403.06803594,51.33,1009630459.4822849,782842242.1078304,0.7753750243522306,454276.41227651696,20791776.412276518,935629938.5524433,74000520.92984164,-152787696.44461286
DE,M,2012,20512.0,6.6,57.3,63.5,17.8,78.1,39229947.0,5.3,40.0,26630543.0,7073351.0,12242.0,77173.4,155471.3,187751.0,518124.0,216682.9,805483.25,2.275,0,66.33,45.0,0.7336747759282971,19538157.668373883,51.33,1002893633.1176313,781526306.7349553,0.7792713812585234,431153.80301978573,20943153.803019784,942441921.1358902,60451711.98174107,-160915614.40093493
DE,M,2013,20583.9,6.9,57.7,63.5,17.8,78.1,39380976.0,5.2,40.1,26744691.0,7155344.0,12183.8,76544.1,155618.2,198358.0,532660.0,212114.4,790295.75,2.1,0,66.33,45.0,0.7387964148527529,19758881.827144686,51.33,1014223404.1873367,792331161.268502,0.7812195597116697,420998.15446234477,21004898.154462345,945220416.9508055,69002987.23653114,-152889255.68230355
DE,M,2014,20697.8,6.8,56.4,63.8,18.2,78.7,39556923.0,5.0,40.2,26847118.0,7249467.0,12930.9,78750.8,155781.5,208744.0,549274.0,216903.9,869770.0,2.275,0,66.33,45.0,0.7166454891994917,19239866.012706477,51.33,987582322.4322234,773442613.7108004,0.783167738164816,462691.9411017842,21160491.941101786,952222137.3495804,35360185.08264303,-178779523.63878
DE,M,2015,20808.1,11.4,65.3,63.5,17.9,78.3,39835457.0,4.7,40.0,26968084.0,7383725.0,13536.0,79667.0,163293.0,217303.0,577518.0,222111.0,924301.5,2.4,0,66.33,45.0,0.8339719029374202,22490624.332056195,51.33,1154443746.9644444,899624973.2822478,0.7792713812585234,490939.7649097146,21299039.764909714,958456789.4209372,195986957.54350722,-58831816.1386894
DE,M,2016,21375.4,11.5,65.3,63.8,18.1,78.6,40514123.0,4.2,40.2,27415031.0,7505041.0,14096.4,81802.1,168910.3,225355.0,611228.0,226532.1,975438.75,2.425,0,66.33,45.0,0.8307888040712469,22776100.81806616,51.33,1169097254.991336,915599252.8862598,0.783167738164816,519117.18025723816,21894517.18025724,985253273.1115757,183843981.87976038,-69654020.22531593
DE,M,2017,21552.2,11.4,65.1,63.9,18.1,78.7,40697118.0,3.9,40.4,27399775.0,7618043.0,14382.0,82917.4,174445.9,232664.0,634233.0,233704.1,1102823.75,2.725,0,66.33,45.0,0.8271918678526047,22664871.0609911,51.33,1163387831.5606732,915660790.8640405,0.7870640950711085,587137.8113698568,22139337.81136986,996270201.5116436,167117630.0490296,-80609410.64760315
DE,M,2018,21607.8,11.5,65.1,63.9,18.0,78.6,40843565.0,3.6,40.7,27376426.0,7726244.0,14612.1,85283.5,176062.5,241356.0,648104.0,236209.4,1258284.5,3.05,0,66.33,45.0,0.8282442748091603,22674368.09923664,51.33,1163875314.5338168,922846781.6389314,0.7929086304305475,669085.5533213406,22276885.55332134,1002459849.8994603,161415464.6343565,-79613068.26052892
DE,M,2019,21806.3,11.5,65.4,64.2,18.3,79.0,40966691.0,3.3,41.1,27345841.0,7820148.0,14909.9,86860.9,179834.6,252983.0,679731.0,241097.2,1362962.5,3.275,0,66.33,45.0,0.8278481012658229,22638202.549367093,51.33,1162018936.8590128,930430124.7789875,0.8007013442431328,723759.1419396079,22530059.141939607,1013852661.3872823,148166275.4717306,-83422536.60829473
DE,M,2020,21273.9,10.4,64.7,63.9,18.0,78.7,41037613.0,4.0,40.6,27258199.0,7927711.0,13175.9,57137.2,152058.4,287454.0,738247.0,245616.5,1041805.75,2.525,1,66.33,45.0,0.8221092757306226,22409218.237611182,51.33,1150265172.136582,909814260.447014,0.7909604519774012,551940.2554320488,21825840.255432047,982162811.4944421,168102360.6421398,-72348551.04742813
DE,M,2021,20914.4,10.2,64.7,63.6,17.8,78.4,41026519.0,3.9,40.6,27107627.0,8022527.0,13697.1,57647.0,152287.1,313269.0,753371.0,246648.1,1334382.25,3.2249999999999996,1,66.33,45.0,0.8252551020408163,22370707.485969387,51.33,1148288415.2548087,908250723.9303571,0.7909604519774012,706476.6074657999,21620876.6074658,972939447.335961,175348967.91884768,-64688723.405603886
DE,M,2022,21368.6,8.2,60.9,63.5,17.6,78.3,41066785.0,3.4,41.2,26995671.0,8108938.0,13798.6,82120.7,168632.7,329207.0,791785.0,256448.2,1810718.0,4.3,0,66.33,45.0,0.7777777777777778,20996633.0,51.33,1077757171.8899999,865061279.6,0.8026495226962791,957695.0636928644,22326295.063692864,1004683277.8661789,73073894.023821,-139621998.26617885
DE,M,2023,21581.5,8.4,62.1,63.9,17.9,78.7,40919705.0,3.3,41.4,26834263.0,8128074.0,,,,312210.0,824412.0,252788.5,1728260.5,4.05,0,66.33,45.0,0.7890724269377383,21174177.030495554,51.33,1086870506.9753368,876610929.0625159,0.8065458796025716,913819.4330838397,22495319.43308384,1012289374.4887727,74581132.48656404,-135678445.4262569
DE,M,2024,21568.1,8.3,62.1,64.3,18.0,78.9,41161931.0,3.7,41.7,26953460.0,8239625.0,,,,329254.0,883179.0,256128.9,1386563.25,3.2,0,66.33,45.0,0.7870722433460076,21214320.228136882,51.33,1088931057.310266,884637153.513308,0.8123904149620106,732827.9185737496,22300927.91857375,1003541756.3358186,85389300.97444737,-118904602.8225106
FR,F,2011,12149.4,9.9,63.6,71.1,23.8,85.7,33515819.0,9.5,32.1,21262074.0,6360692.0,4822.0,78784.8,92511.1,167496.4,488799.8,164396.7,195247.0,1.1,0,64.0,43.0,0.7421236872812135,15779088.75612602,49.0,773175349.050175,506508749.07164526,0.6551020408163266,92791.96924581441,12242191.969245814,526414254.67757,246761094.37260497,-19905505.605924726
FR,F,2012,12198.9,10.4,63.8,70.8,23.4,85.4,33671600.0,9.7,32.4,21233966.0,6512078.0,4926.4,78148.6,91253.7,170536.9,505953.2,167604.1,188021.0,1.075,0,64.0,43.0,0.7470725995316159,15863314.177985948,49.0,777302394.7213115,513971379.3667447,0.6612244897959183,89707.11183814271,12288607.111838143,528410105.8090402,248892288.91227126,-14438726.442295492
FR,F,2013,12252.3,10.6,64.3,71.0,23.6,85.6,33827685.0,10.2,32.8,21198030.0,6676379.0,5097.0,77211.9,89741.1,174363.1,518323.0,170844.0,160789.75,0.95,0,64.0,43.0,0.7511682242990655,15923286.553738318,49.0,780241041.1331776,522283798.9626168,0.6693877551020407,77116.31595547708,12329416.315955477,530164901.5860855,250076139.54709214,-7881102.623468697
FR,F,2014,12607.2,10.7,64.2,70.8,24.0,86.1,34120851.0,10.0,32.9,21243883.0,6856087.0,5189.4,78457.0,91116.1,179572.2,528086.0,174045.5,174279.25,1.0,0,64.0,43.0,0.745644599303136,15840386.627177702,49.0,776178944.7317075,521148720.03414637,0.6714285714285714,84155.15809350176,12691355.1580935,545728271.7980205,230450672.93368697,-24579551.763874114
FR,F,2015,12662.5,10.7,64.6,70.5,23.5,85.6,34283895.0,9.9,33.1,21217914.0,7030617.0,5340.0,79072.0,92259.0,180941.3,535236.7,175722.7,186079.0,1.075,0,64.0,43.0,0.7546728971962616,16012584.630841121,49.0,784616646.911215,530016551.2808411,0.6755102040816326,90151.44980352996,12752651.44980353,548364012.3415518,236252634.56966317,-18347461.06071067
FR,F,2016,12707.2,10.6,64.1,70.7,23.7,85.7,34391005.0,9.8,33.3,21184874.0,7200694.0,5393.2,80692.6,93706.7,184631.1,545629.6,178086.0,242615.25,1.375,0,64.0,43.0,0.747957992998833,15845395.83897316,49.0,776424396.1096848,527651681.4378062,0.6795918367346938,117495.35061549602,12824695.350615496,551461900.0764663,224962496.0332185,-23810218.638660133
FR,F,2017,12755.2,10.9,64.9,70.8,23.7,85.7,34495464.0,9.4,33.4,21144468.0,7373501.0,5827.9,84054.5,95444.4,190006.1,557070.0,180235.5,313422.0,1.775,0,64.0,43.0,0.7572928821470245,16012555.11318553,49.0,784615200.546091,534819340.7803967,0.6816326530612244,151234.39689493156,12906434.396894932,554976679.0664821,229638521.4796089,-20157338.286085367
FR,F,2018,12891.9,11.3,64.5,70.9,23.8,85.8,34611994.0,9.0,33.7,21135343.0,7518460.0,5765.7,87409.4,96795.5,193539.3,566235.8,180198.9,335193.75,1.875,0,64.0,43.0,0.7517482517482518,15888457.15034965,49.0,778534400.3671329,535441005.9667833,0.6877551020408164,162173.23757041368,13054073.237570414,561325149.2155278,217209251.15160513,-25884143.248744488
FR,F,2019,12992.1,11.6,64.6,71.0,23.9,85.9,34739132.0,8.4,33.8,21147475.0,7669173.0,5941.4,91355.8,99359.2,198147.3,582386.2,181780.9,395242.5,2.15,0,64.0,43.0,0.7520372526193246,15903688.998835852,49.0,779280760.9429568,537544688.1606518,0.6897959183673469,192244.74219326192,13184344.742193261,566926823.9143102,212353937.0286466,-29382135.753658414
FR,F,2020,12929.7,11.8,65.3,70.5,23.1,85.3,34828670.0,8.0,33.5,21128966.0,7817350.0,5500.6,61907.1,87624.8,208023.6,631373.4,170887.8,373537.3333333333,2.033333333333333,1,64.0,43.0,0.7655334114888628,16174929.423212191,49.0,792571541.7373973,541860135.6776084,0.6836734693877551,181821.54345518202,13111521.543455182,563795426.3685728,228776115.36882448,-21935290.69096446
FR,F,2021,13363.2,12.6,66.9,70.6,23.3,85.5,34946473.0,7.8,34.8,21161853.0,7937546.0,6193.4,71499.8,94429.1,234725.0,622635.4,184392.2,510913.5,2.675,1,64.0,43.0,0.7824561403508773,16558221.821052633,49.0,811352869.2315791,576226119.3726315,0.710204081632653,250329.5940866326,13613529.594086632,585381772.5457252,225971096.68585384,-9155653.173093677
FR,F,2022,13644.9,11.7,65.2,70.5,23.0,85.1,35109077.0,7.1,35.2,21246686.0,8061424.0,6310.8,97772.2,103111.6,240772.7,632030.4,185264.2,661230.5,3.35,0,64.0,43.0,0.7661574618096358,16278307.017626325,49.0,797637043.8636899,572996407.0204467,0.7183673469387756,324366.775698801,13969266.775698802,600678471.3550484,196958572.50864148,-27682064.33460176
FR,F,2023,13752.6,12.0,64.1,71.1,23.6,85.7,35188809.0,7.2,35.5,21276284.0,8172195.0,,,,249676.4,657931.3,182925.7,616994.0,3.0999999999999996,0,64.0,43.0,0.747957992998833,15913766.679113183,49.0,779774567.276546,564938717.108518,0.7244897959183674,302915.59633014427,14055515.596330144,604387170.6421962,175387396.63434982,-39448453.533678174
FR,F,2024,13872.7,11.5,63.7,71.2,23.6,85.8,35360111.0,7.3,35.8,21348220.0,8346542.0,,,,261156.3,693028.8,187065.3,524830.75,2.625,0,64.0,43.0,0.7424242424242424,15849436.06060606,49.0,776622366.969697,567409810.9696969,0.7306122448979592,256695.88999721478,14129395.889997214,607564023.2698802,169058343.69981682,-40154212.300183296
FR,M,2011,13414.6,9.7,62.7,64.1,19.3,78.7,31462902.0,8.9,36.1,20770739.0,4515855.0,4822.0,78784.8,92511.1,167496.4,488799.8,164396.7,195247.0,1.1,0,64.0,43.0,0.7966963151207116,16547971.223634055,49.0,810850589.9580687,597381761.1731894,0.7367346938775511,102455.03075418559,13517055.030754186,581233366.32243,229617223.6356387,16148394.850759387
FR,M,2012,13369.3,9.4,62.6,64.1,19.1,78.7,31605383.0,9.8,36.4,20724626.0,4675959.0,4926.4,78148.6,91253.7,170536.9,505953.2,167604.1,188021.0,1.075,0,64.0,43.0,0.795425667090216,16484899.461245235,49.0,807760073.6010165,600050340.3893266,0.7428571428571429,98313.8881618573,13467613.888161857,579107397.1909598,228652676.4100567,20942943.19836676
FR,M,2013,13294.1,9.9,63.0,64.4,19.3,79.0,31772665.0,10.4,36.5,20684610.0,4848026.0,5097.0,77211.9,89741.1,174363.1,518323.0,170844.0,160789.75,0.95,0,64.0,43.0,0.7974683544303798,16495321.898734178,49.0,808270773.0379747,602079249.3037975,0.7448979591836735,83673.4340445229,13377773.434044523,575244257.6639144,233026515.37406027,26834991.63988304
FR,M,2014,13501.4,10.4,63.4,64.7,19.7,79.5,32045129.0,10.6,36.5,20710013.0,5029312.0,5189.4,78457.0,91116.1,179572.2,528086.0,174045.5,174279.25,1.0,0,64.0,43.0,0.7974842767295597,16515909.738364778,49.0,809279577.1798742,602830705.4503144,0.7448979591836735,90124.09190649824,13591524.0919065,584435535.9519795,224844041.22789466,18395169.498334885
FR,M,2015,13473.8,9.8,62.6,64.4,19.4,79.2,32174258.0,10.8,36.6,20659941.0,5203640.0,5340.0,79072.0,92259.0,180941.3,535236.7,175722.7,186079.0,1.075,0,64.0,43.0,0.7904040404040404,16329700.840909092,49.0,800155341.2045455,597667050.7772728,0.7469387755102042,95927.55019647004,13569727.55019647,583498284.6584482,216657056.54609728,14168766.118824601
FR,M,2016,13531.8,9.5,62.6,64.7,19.6,79.5,32247386.0,10.3,36.7,20603327.0,5366061.0,5393.2,80692.6,93706.7,184631.1,545629.6,178086.0,242615.25,1.375,0,64.0,43.0,0.7874213836477988,16223500.254088052,49.0,794951512.4503145,595402459.3250315,0.7489795918367348,125119.89938450398,13656919.899384504,587247555.6735337,207703956.77678084,8154903.651497841
FR,M,2017,13679.0,9.3,62.5,64.9,19.6,79.6,32314352.0,9.5,37.0,20555752.0,5514286.0,5827.9,84054.5,95444.4,190006.1,557070.0,180235.5,313422.0,1.775,0,64.0,43.0,0.785175879396985,16139880.653266333,49.0,790854152.0100503,597175584.1708543,0.7551020408163265,162187.60310506844,13841187.603105068,595171066.9335179,195683085.07653236,2004517.2373363972
FR,M,2018,13754.2,10.2,63.4,65.0,19.7,79.7,32414230.0,9.0,37.1,20538641.0,5655059.0,5765.7,87409.4,96795.5,193539.3,566235.8,180198.9,335193.75,1.875,0,64.0,43.0,0.795483061480552,16338141.021329986,49.0,800568910.0451694,606145031.8913425,0.7571428571428571,173020.51242958632,13927220.512429586,598870482.0344722,201698428.01069713,7274549.856870294
FR,M,2019,13718.8,10.4,63.7,65.2,19.8,79.9,32551339.0,8.5,37.0,20563747.0,5795552.0,5941.4,91355.8,99359.2,198147.3,582386.2,181780.9,395242.5,2.15,0,64.0,43.0,0.7972465581977471,16394376.519399248,49.0,803324449.4505632,606591931.2177721,0.7551020408163265,202997.75780673805,13921797.757806739,598637303.5856898,204687145.8648734,7954627.632082343
FR,M,2020,13633.3,10.2,63.9,64.5,19.0,79.2,32644981.0,8.1,36.7,20558589.0,5929486.0,5500.6,61907.1,87624.8,208023.6,631373.4,170887.8,373537.3333333333,2.033333333333333,1,64.0,43.0,0.8068181818181818,16587043.397727272,49.0,812765126.4886363,608744492.6965909,0.7489795918367348,191715.7898781513,13825015.78987815,594475678.9647604,218289447.52387583,14268813.731830478
FR,M,2021,13910.6,11.3,65.5,64.6,19.2,79.3,32782095.0,8.0,37.5,20628319.0,6032575.0,6193.4,71499.8,94429.1,234725.0,622635.4,184392.2,510913.5,2.675,1,64.0,43.0,0.8259773013871374,17038523.259773012,49.0,834887639.7288775,638944622.241488,0.7653061224489796,260583.9059133674,14171183.905913368,609360907.9542748,225526731.77460277,29583714.287213206
FR,M,2022,14170.6,10.2,63.7,64.8,19.2,79.3,32982626.0,7.5,37.9,20757176.0,6148923.0,6310.8,97772.2,103111.6,240772.7,632030.4,185264.2,661230.5,3.35,0,64.0,43.0,0.8032786885245903,16673797.114754101,49.0,817016058.6229509,631936910.6491804,0.773469387755102,336863.724301199,14507463.724301198,623820940.1449516,193195118.47799933,8115970.50422883
FR,M,2023,14259.4,10.5,63.5,65.5,19.9,80.1,33088401.0,7.5,38.1,20816889.0,6254576.0,,,,249676.4,657931.3,182925.7,616994.0,3.0999999999999996,0,64.0,43.0,0.7927590511860175,16502777.172284646,49.0,808636081.4419477,628755810.264045,0.7775510204081633,314078.4036698558,14573478.403669856,626659571.3578038,181976510.08414388,2096238.9062411785
FR,M,2024,14490.9,10.3,63.5,65.7,19.9,80.2,33309192.0,7.6,38.5,20942329.0,6430633.0,,,,261156.3,693028.8,187065.3,524830.75,2.625,0,64.0,43.0,0.7917705735660847,16581519.844139649,49.0,812494472.3628428,638388513.9993764,0.7857142857142857,268134.8600027853,14759034.860002786,634638498.9801198,177855973.38272297,3750015.019256592
NO,F,2011,1174.1,17.4,76.1,68.8,21.4,83.6,2459456.0,3.4,38.1,1593501.0,416306.0,650.9,7747.9,14167.4,22743.9,65195.2,31986.5,68776.5,2.8,0,62.75,42.75,0.9102870813397129,1450543.374401914,47.75,69263446.12769139,55265702.56471293,0.7979057591623037,32818.73141637878,1206918.7314163789,51595775.768050194,17667670.359641194,3669926.796662733
NO,F,2012,1191.0,16.0,70.4,68.8,21.0,83.5,2486999.0,3.1,38.3,1608859.0,427659.0,670.9,8065.4,14191.0,25124.5,71699.8,32765.4,64708.75,2.5999999999999996,0,62.75,42.75,0.8431137724550899,1356451.1808383234,47.75,64770543.88502994,51952080.22610778,0.8020942408376963,30759.57742965476,1221759.5774296548,52230221.935117744,12540321.949912198,-278141.7090099603
NO,F,2013,1198.4,14.8,68.6,69.1,21.4,83.8,2515367.0,3.7,38.3,1625600.0,437287.0,681.1,8336.8,14522.3,25734.9,72757.2,33026.8,62593.75,2.475,0,62.75,42.75,0.8186157517899761,1330741.7661097853,47.75,63542919.33174225,50967409.64200477,0.8020942408376963,29770.349644798986,1228170.349644799,52504282.44731516,11038636.884427093,-1536872.8053103834
NO,F,2014,1208.8,15.9,69.8,69.3,21.6,84.2,2541622.0,3.6,38.4,1640843.0,446587.0,701.1,8612.6,14919.7,25835.4,71541.6,33096.5,58307.25,2.275,0,62.75,42.75,0.828978622327791,1360223.7695961995,47.75,64950684.99821853,52232592.75249406,0.8041884816753926,27785.935425372547,1236585.9354253726,52864048.739434674,12086636.258783855,-631455.9869406149
NO,F,2015,1210.3,15.3,68.9,69.4,21.6,84.2,2566978.0,4.3,38.6,1655894.0,456100.0,578.3,9119.1,15240.3,25535.4,70688.0,33788.7,54111.0,1.975,0,62.75,42.75,0.818289786223278,1355001.1472684087,47.75,64701304.78206652,52303044.284560576,0.8083769633507853,25738.079504814305,1236038.0795048142,52840627.89883081,11860676.883235708,-537583.6142702326
NO,F,2016,1217.1,15.2,67.8,69.4,21.6,84.2,2588874.0,4.2,38.2,1668173.0,465095.0,590.4,9373.8,15709.6,25551.6,71344.7,34165.9,52878.25,1.9,0,62.75,42.75,0.8052256532066507,1343255.6935866983,47.75,64140459.36876484,51312367.49501188,0.8,25292.03728483848,1242392.0372848385,53112259.59392685,11028199.774837993,-1799892.098914966
NO,F,2017,1216.5,15.8,70.0,69.6,21.6,84.3,2609187.0,4.0,38.1,1678798.0,473442.0,591.8,9743.2,15928.1,26608.7,73202.0,34705.7,59243.75,2.1,0,62.75,42.75,0.830367734282325,1394019.6915776986,47.75,66564440.272835106,53112150.24911032,0.7979057591623037,28267.187745136493,1244767.1877451364,53213797.276104584,13350642.996730521,-101647.02699426562
NO,F,2018,1226.0,15.6,69.1,69.7,21.7,84.5,2627248.0,3.8,38.3,1687123.0,482900.0,590.2,9578.3,16698.3,27133.8,73219.0,34737.4,67507.5,2.35,0,62.75,42.75,0.8177514792899407,1379647.3289940828,47.75,65878159.95946745,52840492.70047337,0.8020942408376963,31987.39854680374,1257987.3985468037,53778961.28787586,12099198.671591587,-938468.5874024928
NO,F,2019,1239.5,15.8,68.1,69.9,21.9,84.7,2643139.0,3.6,38.4,1695071.0,493106.0,598.1,9971.2,16720.0,28151.5,74232.8,35019.1,71916.0,2.475,0,62.75,42.75,0.8040141676505312,1362861.0991735538,47.75,65076617.48553719,52333866.20826446,0.8041884816753926,34078.786558091524,1273578.7865580916,54445493.12535842,10631124.360178776,-2111626.917093955
NO,F,2020,1237.2,14.9,66.7,70.1,22.1,84.9,2661018.0,4.5,38.3,1704782.0,503689.0,569.3,7527.3,15543.9,27584.6,73630.6,32800.1,62329.75,2.225,1,62.75,42.75,0.7856301531213192,1339328.1436984688,47.75,63952918.86160189,51296267.90365135,0.8020942408376963,29600.171464762785,1266800.1714647629,54155707.33011861,9797211.531483278,-2859439.426467262
NO,F,2021,1265.5,14.55,65.75,69.9,21.8,84.7,2672110.0,4.2,39.6,1708992.0,514783.0,610.0,8317.1,15992.8,32280.1,80094.1,33919.3,87143.5,2.975,1,62.75,42.75,0.7762691853600944,1326637.8276269184,47.75,63346956.26918536,52534857.97402597,0.8293193717277487,41493.00144856648,1306993.0014485666,55873950.81192622,7473005.457259133,-3339092.837900251
NO,F,2022,1294.9,14.2,64.8,69.5,21.3,84.2,2687938.0,3.1,39.6,1716640.0,525654.0,632.7,10981.5,17336.4,34358.1,84130.5,35508.8,105926.0,3.45,0,62.75,42.75,0.7695961995249405,1321119.6199524938,47.75,63083461.85273158,52316336.95011876,0.8293193717277487,50257.79620401583,1345157.7962040158,57505495.78772168,5577966.065009899,-5189158.837602921
NO,F,2023,1312.4,14.3,62.9,69.9,21.9,84.6,2723514.0,3.5,39.7,1741497.0,536471.0,643.2,11203.3,17372.2,32485.6,80883.3,36963.8,116580.0,3.75,0,62.75,42.75,0.7434988179669031,1294800.9609929079,47.75,61826745.88741135,51403598.15141845,0.8314136125654451,55577.606160775904,1367977.606160776,58481042.66337317,3345703.2240381762,-7077444.511954725
NO,F,2024,1320.0,13.9,62.3,70.1,21.9,84.8,2754485.0,3.8,39.8,1762726.0,548612.0,,,,33442.4,85631.9,37544.5,100744.25,3.2,0,62.75,42.75,0.7346698113207547,1295021.5778301887,47.75,61837280.34139151,51541858.79764151,0.8335078534031413,48053.19433403194,1368053.194334032,58484274.05777987,3353006.2836116403,-6942415.260138363
NO,M,2011,1286.4,15.9,74.0,64.5,18.2,79.1,2460849.0,3.7,40.4,1662852.0,325937.0,650.9,7747.9,14167.4,22743.9,65195.2,31986.5,68776.5,2.8,0,62.75,42.75,0.9355246523388117,1555639.0391908977,47.75,74281764.12136537,62847817.18331227,0.8460732984293193,35957.76858362122,1322357.7685836211,56530794.606949806,17750969.514415562,6317022.576362461
NO,M,2012,1314.5,15.3,71.9,64.8,18.3,79.5,2498871.0,3.8,40.8,1685422.0,340355.0,670.9,8065.4,14191.0,25124.5,71699.8,32765.4,64708.75,2.5999999999999996,0,62.75,42.75,0.9044025157232705,1524299.896855346,47.75,72785320.07484277,62191435.79169811,0.8544502617801046,33949.17257034524,1348449.1725703452,57646202.127382256,15139117.94746051,4545233.664315857
NO,M,2013,1321.3,15.0,71.0,65.1,18.5,79.8,2535908.0,4.1,40.6,1707677.0,353327.0,681.1,8336.8,14522.3,25734.9,72757.2,33026.8,62593.75,2.475,0,62.75,42.75,0.8897243107769424,1519361.7418546367,47.75,72549523.1735589,61686086.71929825,0.8502617801047121,32823.40035520102,1354123.400355201,57888775.36518484,14660747.808374062,3797311.3541134074
NO,M,2014,1327.8,15.3,72.2,65.3,18.8,80.1,2567434.0,3.9,40.7,1724810.0,365971.0,701.1,8612.6,14919.7,25835.4,71541.6,33096.5,58307.25,2.275,0,62.75,42.75,0.9013732833957554,1554697.652933833,47.75,74236812.92759052,63276194.474407,0.8523560209424085,30521.314574627453,1358321.3145746274,58068236.198065326,16168576.729525194,5207958.276341677
NO,M,2015,1334.2,15.3,71.8,65.7,18.9,80.5,2598824.0,5.0,41.1,1743213.0,378202.0,578.3,9119.1,15240.3,25535.4,70688.0,33788.7,54111.0,1.975,0,62.75,42.75,0.8919254658385093,1554816.0670807452,47.75,74242467.20310558,63902940.357018635,0.8607329842931938,28372.920495185695,1362572.9204951858,58249992.35116919,15992474.851936392,5652948.005849443
NO,M,2016,1327.5,15.4,72.0,65.9,19.1,80.7,2625111.0,5.5,40.9,1756757.0,390005.0,590.4,9373.8,15709.6,25551.6,71344.7,34165.9,52878.25,1.9,0,62.75,42.75,0.8921933085501859,1567366.8401486988,47.75,74841766.61710037,64105303.76208178,0.856544502617801,27586.21271516152,1355086.2127151615,57929935.59357315,16911831.02352722,6175368.1685086265
NO,M,2017,1333.1,15.8,71.8,66.2,19.3,81.0,2649130.0,4.8,40.5,1766987.0,401380.0,591.8,9743.2,15928.1,26608.7,73202.0,34705.7,59243.75,2.1,0,62.75,42.75,0.8864197530864197,1566292.1802469136,47.75,74790451.60679013,63434833.3,0.8481675392670157,30976.562254863507,1364076.5622548636,58314273.036395416,16476178.57039471,5120560.263604581
NO,M,2018,1361.4,15.3,71.7,66.3,19.4,81.1,2668371.0,4.2,40.8,1773137.0,413525.0,590.2,9578.3,16698.3,27133.8,73219.0,34737.4,67507.5,2.35,0,62.75,42.75,0.8840937114673244,1567619.2712700372,47.75,74853820.20314427,63958866.26781751,0.8544502617801046,35520.10145319626,1396920.1014531963,59718334.33712414,15135485.866020128,4240531.930693373
NO,M,2019,1376.2,15.8,71.2,66.5,19.6,81.3,2685073.0,4.1,41.1,1779342.0,425735.0,598.1,9971.2,16720.0,28151.5,74232.8,35019.1,71916.0,2.475,0,62.75,42.75,0.8757687576875769,1558292.1328413284,47.75,74408449.34317343,64045806.6597786,0.8607329842931938,37837.213441908476,1414037.2134419084,60450090.87464158,13958358.468531847,3595715.78513702
NO,M,2020,1368.0,15.5,70.5,66.7,19.8,81.6,2706562.0,4.9,41.0,1790855.0,438127.0,569.3,7527.3,15543.9,27584.6,73630.6,32800.1,62329.75,2.225,1,62.75,42.75,0.8639705882352942,1547246.0477941178,47.75,73880998.78216913,63437087.95955883,0.8586387434554974,32729.57853523722,1400729.5785352371,59881189.48238139,13999809.299787745,3555898.477177441
NO,M,2021,1392.3,15.1,70.15,66.8,19.8,81.7,2719259.0,4.6,42.6,1795044.0,450959.0,610.0,8317.1,15992.8,32280.1,80094.1,33919.3,87143.5,2.975,1,62.75,42.75,0.8586291309669523,1541277.0697674418,47.75,73595980.08139534,65658403.17209303,0.8921465968586387,45650.49855143351,1437950.4985514334,61472383.81307378,12123596.268321566,4186019.3590192497
NO,M,2022,1434.3,14.7,69.8,66.2,19.1,80.9,2737332.0,3.4,42.5,1803169.0,463820.0,632.7,10981.5,17336.4,34358.1,84130.5,35508.8,105926.0,3.45,0,62.75,42.75,0.8627935723114956,1555762.6229913472,47.75,74287665.24783683,66119911.47713225,0.8900523560209425,55668.20379598417,1489968.2037959842,63696140.71227832,10591524.535558507,2423770.764853932
NO,M,2023,1440.5,13.6,66.9,66.7,19.8,81.5,2765470.0,3.7,42.5,1819959.0,474990.0,643.2,11203.3,17372.2,32485.6,80883.3,36963.8,116580.0,3.75,0,62.75,42.75,0.8208588957055215,1493929.5349693252,47.75,71335135.29478528,63492005.23619632,0.8900523560209425,61002.39383922409,1501502.393839224,64189227.33662683,7145907.958158448,-697222.1004305109
NO,M,2024,1447.4,13.8,67.0,66.8,19.8,81.6,2795718.0,4.2,42.6,1840181.0,487556.0,,,,33442.4,85631.9,37544.5,100744.25,3.2,0,62.75,42.75,0.8210784313725491,1510932.9289215687,47.75,72147047.35600491,64365742.77205883,0.8921465968586387,52691.05566596806,1500091.055665968,64128892.62972013,8018154.72628478,236850.1423387006
PL,F,2011,6816.7,8.3,63.2,66.5,19.9,81.1,19633018.0,10.7,29.1,13580266.0,3225478.0,2904.4,6123.7,14162.7,17755.4,58967.9,14916.2,59272.5,0.55,0,60.0,20.0,0.779284833538841,10582895.329223182,45.0,476230289.8150432,307962254.0803946,0.6466666666666667,26385.954936393086,6843085.954936394,136861719.09872788,339368570.7163153,171100534.98166674
PL,F,2012,6842.4,7.8,62.8,66.5,19.8,81.1,19636496.0,11.2,29.5,13531368.0,3298547.0,2894.7,6508.1,14974.0,17946.6,60745.8,13663.9,45569.5,0.425,0,60.0,20.0,0.7743526510480888,10478050.683107276,45.0,471512280.7398274,309102495.1516646,0.6555555555555556,20325.989674189386,6862725.989674189,137254519.7934838,334257760.9463436,171847975.35818082
PL,F,2013,6827.7,7.8,62.7,66.7,19.9,81.2,19636442.0,11.4,29.6,13454680.0,3385632.0,2777.4,6969.0,14505.8,18298.3,63257.9,15521.9,43124.5,0.4,0,60.0,20.0,0.7721674876847291,10389266.45320197,45.0,467516990.3940886,307522287.0147783,0.6577777777777778,19227.8051530369,6846927.8051530365,136938556.10306072,330578434.2910279,170583730.9117176
PL,F,2014,6984.2,8.1,62.7,66.9,20.4,81.7,19613892.0,9.8,29.9,13345812.0,3483664.0,2536.0,7488.4,15238.9,19066.4,65492.8,17043.1,56031.5,0.5,0,60.0,20.0,0.7674418604651163,10242134.790697675,45.0,460896065.5813954,306239830.24186045,0.6644444444444444,25100.070701045475,7009300.070701046,140186001.41402093,320710064.1673745,166053828.82783952
PL,F,2015,7121.3,8.4,63.2,66.7,20.1,81.6,19608451.0,7.8,29.9,13234788.0,3591966.0,2597.6,8041.9,17292.3,20095.8,67609.7,16246.0,71237.5,0.6,0,60.0,20.0,0.7745098039215688,10250473.058823531,45.0,461271287.6470589,306489144.45882356,0.6644444444444444,32084.47071751573,7153384.470717516,143067689.41435033,318203598.2327086,163421455.04447323
PL,F,2016,7164.7,8.9,64.6,67.1,20.5,82.0,19590169.0,6.3,30.2,13112497.0,3699049.0,2425.4,8476.0,18266.4,19755.7,70971.4,16739.3,88868.0,0.775,0,60.0,20.0,0.7878048780487804,10330089.1,45.0,464854009.5,311968690.82,0.6711111111111111,40040.03041146026,7204740.03041146,144094800.60822922,320759208.8917708,167873890.21177077
PL,F,2017,7236.7,8.6,63.5,66.9,20.2,81.8,19595127.0,5.0,30.4,12983127.0,3821811.0,2273.2,9729.4,19628.9,21888.5,76785.3,17709.0,121686.0,1.025,0,60.0,20.0,0.7762836185819071,10078588.80806846,45.0,453536496.3630807,306389099.76528114,0.6755555555555556,54768.08444660049,7291468.084446601,145829361.688932,307707134.6741487,160559738.07634914
PL,F,2018,7280.9,8.8,64.3,66.9,20.1,81.7,19596388.0,3.9,30.7,12843160.0,3936492.0,2476.5,10586.6,21047.8,23925.0,80577.5,20002.9,152627.25,1.2,0,60.0,20.0,0.7870257037943695,10107897.037943695,45.0,454855366.70746624,310312439.06487143,0.6822222222222222,68879.69953791512,7349779.699537915,146995593.9907583,307859772.71670794,163316845.07411313
PL,F,2019,7411.5,9.0,64.1,67.1,20.4,81.9,19592436.0,3.6,30.8,12704882.0,4048705.0,2375.0,11295.2,21087.2,26039.4,89004.3,19662.6,141653.75,1.0750000000000002,0,60.0,20.0,0.7826617826617825,9943625.594627593,45.0,447463151.75824165,306263668.31452984,0.6844444444444444,63439.12504078747,7474939.125040787,149498782.50081575,297964369.2574259,156764885.8137141
PL,F,2020,7404.2,8.7,64.3,65.9,19.2,80.7,19584757.0,3.3,30.7,12570124.0,4161963.0,2128.6,8218.3,17790.0,28219.8,95094.0,20165.7,82939.75,0.6749999999999999,1,60.0,20.0,0.7967781908302354,10015600.659231722,45.0,450702029.6654275,307478940.2384139,0.6822222222222222,37090.203355076395,7441290.203355077,148825804.06710154,301876225.59832597,158653136.17131233
PL,F,2021,7593.0,8.9,64.6,64.9,18.4,79.6,19131216.0,3.4,31.7,12109868.0,4218936.0,2292.9,10172.4,19552.6,33184.5,99639.0,24823.3,135338.5,1.1,1,60.0,20.0,0.8115577889447236,9827857.698492462,45.0,442253596.4321608,311543089.04221106,0.7044444444444444,61376.77645449712,7654376.776454497,153087535.52908993,289166060.90307087,158455553.51312113
PL,F,2022,7690.6,8.6,64.1,66.4,19.6,81.1,19043758.0,2.9,32.3,11967849.0,4284419.0,2441.2,11516.1,20467.5,34605.7,110384.3,24243.3,139251.0,1.125,0,60.0,20.0,0.7903822441430333,9459175.350184957,45.0,425662890.7583231,305531363.81097406,0.7177777777777777,63704.12890446079,7754304.128904461,155086082.5780892,270576808.18023384,150445281.23288485
PL,F,2023,7775.5,9.1,64.4,67.3,20.4,82.1,18980357.0,2.9,33.1,11844493.0,4377361.0,2317.2,11818.8,22156.8,42941.2,126651.8,24842.6,108508.25,0.875,0,60.0,20.0,0.7844092570036542,9290929.953714984,45.0,418091847.9171743,307529781.46796596,0.7355555555555556,50026.73555893532,7825526.735558935,156510534.71117872,261581313.20599556,151019246.75678724
PL,F,2024,7743.1,9.7,66.2,67.6,20.3,82.2,18914999.0,3.1,33.4,11740885.0,4479141.0,,,,52094.3,155335.9,25858.9,106387.75,0.85,0,60.0,20.0,0.805352798053528,9455554.586374696,45.0,425499956.3868613,315815523.1849148,0.7422222222222222,49117.89706373388,7792217.897063734,155844357.94127467,269655598.4455867,159971165.24364015
PL,M,2011,8496.1,7.6,59.1,58.1,15.4,72.5,18429700.0,9.4,34.3,13496361.0,1956048.0,2904.4,6123.7,14162.7,17755.4,58967.9,14916.2,59272.5,0.55,0,65.0,25.0,0.8151724137931035,11001861.173793104,50.0,550093058.6896552,377363838.2611034,0.6859999999999999,32886.54506360692,8528986.545063607,213224663.6265902,336868395.063065,164139174.6345132
PL,M,2012,8497.8,7.4,59.1,58.2,15.4,72.6,18427296.0,9.7,34.5,13454173.0,2016670.0,2894.7,6508.1,14974.0,17946.6,60745.8,13663.9,45569.5,0.425,0,65.0,25.0,0.8140495867768596,10952363.971074382,50.0,547618198.553719,377856557.0020662,0.69,25243.510325810614,8523043.51032581,213076087.75814524,334542110.79557383,164780469.24392095
PL,M,2013,8485.6,7.2,59.2,58.5,15.5,73.0,18426093.0,10.0,34.8,13388364.0,2090988.0,2777.4,6969.0,14505.8,18298.3,63257.9,15521.9,43124.5,0.4,0,65.0,25.0,0.810958904109589,10857412.997260274,50.0,542870649.8630137,377837972.3046575,0.696,23896.6948469631,8509496.694846964,212737417.3711741,330133232.49183965,165100554.93348342
PL,M,2014,8606.8,7.5,59.8,59.0,15.9,73.7,18403964.0,8.7,35.1,13293279.0,2176376.0,2536.0,7488.4,15238.9,19066.4,65492.8,17043.1,56031.5,0.5,0,65.0,25.0,0.8113975576662144,10786134.113975577,50.0,539306705.6987789,378593307.4005428,0.7020000000000001,30931.429298954525,8637731.429298954,215943285.73247385,323363419.966305,162650021.66806895
PL,M,2015,8690.2,7.6,60.1,58.8,15.7,73.5,18397163.0,7.5,35.2,13196330.0,2267740.0,2597.6,8041.9,17292.3,20095.8,67609.7,16246.0,71237.5,0.6,0,65.0,25.0,0.817687074829932,10790468.476190476,50.0,539523423.8095238,379824490.3619048,0.7040000000000001,39153.02928248427,8729353.029282484,218233825.7320621,321289598.0774617,161590664.6298427
PL,M,2016,8737.2,8.2,61.3,59.2,16.0,73.9,18377040.0,6.2,35.6,13086380.0,2360428.0,2425.4,8476.0,18266.4,19755.7,70971.4,16739.3,88868.0,0.775,0,65.0,25.0,0.8294993234100134,10855143.35588633,50.0,542757167.7943165,386443103.4695534,0.7120000000000001,48827.96958853973,8786027.96958854,219650699.23971352,323106468.554603,166792404.2298399
PL,M,2017,8842.1,8.3,60.6,59.2,15.9,73.9,18377837.0,5.0,36.0,12973863.0,2461840.0,2273.2,9729.4,19628.9,21888.5,76785.3,17709.0,121686.0,1.025,0,65.0,25.0,0.8200270635994586,10638918.779431663,50.0,531945938.9715832,383001076.0595399,0.72,66917.91555339952,8909017.9155534,222725447.888835,309220491.0827482,160275628.1707049
PL,M,2018,8852.5,8.2,60.5,59.1,15.8,73.7,18380299.0,3.9,36.0,12849378.0,2560868.0,2476.5,10586.6,21047.8,23925.0,80577.5,20002.9,152627.25,1.2,0,65.0,25.0,0.8208955223880596,10547996.86567164,50.0,527399843.28358203,379727887.164179,0.72,83747.55046208487,8936247.550462086,223406188.76155216,303993654.5220299,156321698.40262687
PL,M,2019,9137.7,8.1,60.9,59.4,16.1,74.1,18380376.0,3.0,36.3,12728095.0,2657339.0,2375.0,11295.2,21087.2,26039.4,89004.3,19662.6,141653.75,1.0750000000000002,0,65.0,25.0,0.8218623481781377,10460742.044534415,50.0,523037102.22672075,379724936.2165992,0.726,78214.62495921252,9215914.624959212,230397865.62398028,292639236.60274047,149327070.59261894
PL,M,2020,9152.8,7.6,60.3,57.8,14.6,72.5,18373381.0,3.1,36.2,12609197.0,2754783.0,2128.6,8218.3,17790.0,28219.8,95094.0,20165.7,82939.75,0.6749999999999999,1,65.0,25.0,0.8317241379310344,10487373.504827585,50.0,524368675.24137926,379642920.8747586,0.7240000000000001,45849.5466449236,9198649.546644924,229966238.6661231,294402436.57525617,149676682.2086355
PL,M,2021,9149.9,7.7,60.7,56.9,14.0,71.6,17942141.0,3.4,36.5,12182871.0,2802853.0,2292.9,10172.4,19552.6,33184.5,99639.0,24823.3,135338.5,1.1,1,65.0,25.0,0.8477653631284917,10328216.057262572,50.0,516410802.8631286,376979886.09008384,0.73,73961.72354550286,9223861.723545503,230596543.08863756,285814259.7744911,146383343.00144628
PL,M,2022,9120.3,7.8,60.8,58.7,15.4,73.4,17846003.0,2.8,37.0,12046487.0,2854648.0,2441.2,11516.1,20467.5,34605.7,110384.3,24243.3,139251.0,1.125,0,65.0,25.0,0.8283378746594005,9978561.438692097,50.0,498928071.9346048,369206773.23160756,0.74,75546.87109553919,9195846.87109554,229896171.7773885,269031900.1572163,139310601.45421904
PL,M,2023,9089.6,8.2,61.7,59.9,16.2,74.6,17773379.0,2.8,37.5,11930018.0,2933525.0,2317.2,11818.8,22156.8,42941.2,126651.8,24842.6,108508.25,0.875,0,65.0,25.0,0.8270777479892762,9867052.42091153,50.0,493352621.0455765,370014465.78418237,0.75,58481.51444106469,9148081.514441065,228702037.86102664,264650583.18454987,141312427.92315573
PL,M,2024,9028.2,8.8,63.2,60.2,16.3,74.8,17705971.0,2.7,37.6,11842426.0,3020528.0,,,,52094.3,155335.9,25858.9,106387.75,0.85,0,65.0,25.0,0.8449197860962567,10005900.04278075,50.0,500295002.1390375,376221841.6085562,0.752,57269.852936266114,9085469.852936266,227136746.32340664,273158255.81563085,149085095.28514957
RO,F,2011,3584.4,4.8,57.0,64.1,17.8,78.2,10366110.0,8.5,29.3,6866235.0,1944905.0,212.5,650.3,4682.3,5369.1,17087.9,4502.6,25439.5,0.6499999999999999,0,62.5,35.0,0.7289002557544757,5004800.447570332,47.5,237728021.25959077,146640653.11381075,0.6168421052631579,11202.81882179495,3595602.818821795,125846098.65876281,111881922.60082796,20794554.455047935
RO,F,2012,3599.8,5.2,57.6,64.0,17.7,78.1,10318889.0,8.1,29.5,6831758.0,1938387.0,637.0,1874.6,6182.5,5125.5,16464.0,4815.4,24552.75,0.6,0,62.5,35.0,0.737516005121639,5038530.868117798,47.5,239330216.2355954,148636660.60947505,0.6210526315789474,10750.33928310791,3610550.339283108,126369261.87490878,112960954.36068663,22267398.73456627
RO,F,2013,3558.1,5.3,58.1,64.6,18.1,78.7,10258594.0,8.3,29.5,6783207.0,1948051.0,2946.2,2518.1,6371.6,5789.0,16567.5,4118.0,30343.5,0.725,0,62.5,35.0,0.7382465057179162,5007678.865311309,47.5,237864746.10228717,147726526.5266836,0.6210526315789474,13200.455727542823,3571300.4557275428,124995515.950464,112869230.15182318,22731010.576219603
RO,F,2014,3577.3,5.7,59.1,64.3,18.1,78.7,10201259.0,7.9,29.7,6725763.0,1971129.0,2700.8,2775.5,5924.2,6036.5,17154.0,5988.7,38141.25,0.9,0,62.5,35.0,0.7509529860228716,5050731.808132147,47.5,239909760.886277,150006734.70152476,0.6252631578947369,16529.892737724582,3593829.8927377244,125784046.24582036,114125714.64045663,24222688.455704406
RO,F,2015,3530.6,5.7,59.3,64.3,18.0,78.6,10163573.0,7.4,29.4,6649603.0,2015948.0,1905.4,2987.1,6135.8,6736.2,18351.5,4371.6,49341.0,1.125,0,62.5,35.0,0.7544529262086515,5016812.441475827,47.5,238298590.9701018,147494285.77938932,0.6189473684210526,21154.531330451257,3551754.5313304514,124311408.5965658,113987182.373536,23182877.182823524
RO,F,2016,3498.6,5.6,59.0,64.6,18.3,79.1,10110852.0,6.2,29.0,6569597.0,2050841.0,781.8,2739.2,7670.4,6847.8,19584.2,3162.7,59147.0,1.3,0,62.5,35.0,0.7458912768647282,4900205.0948166875,47.5,232759742.00379264,142105947.74968395,0.6105263157894737,25340.333108827956,3523940.333108828,123337911.65880898,109421830.34498367,18768036.09087497
RO,F,2017,3619.5,5.1,58.3,64.6,18.3,79.0,10041869.0,5.1,30.1,6469427.0,2085041.0,461.0,3563.2,7887.2,8121.4,21869.2,4224.4,59349.75,1.225,0,62.5,35.0,0.7379746835443037,4774273.343037974,47.5,226777983.79430377,143705627.62544304,0.6336842105263158,25685.91210601205,3645185.912106012,127581506.92371042,99196476.87059335,16124120.70173262
RO,F,2018,3590.2,5.9,59.6,64.7,18.4,79.2,9978614.0,4.5,30.2,6375895.0,2115829.0,386.5,5813.4,8532.2,9511.0,23837.4,4390.1,59951.5,1.25,0,62.5,35.0,0.7525252525252525,4798021.9949494945,47.5,227906044.760101,144900264.24747473,0.6357894736842105,25679.19483881744,3615879.194838817,126555771.8193586,101350272.94074239,18344492.428116128
RO,F,2019,3582.3,6.5,60.6,65.0,18.6,79.5,9914008.0,4.3,30.3,6289985.0,2143649.0,472.8,5326.2,8115.0,11171.0,26436.1,4747.6,53066.5,1.1,0,62.5,35.0,0.7622641509433963,4794630.075471698,47.5,227744928.58490568,145277291.28679246,0.6378947368421053,22609.703130389276,3604909.703130389,126171839.60956362,101573088.97534207,19105451.67722884
RO,F,2020,3504.3,6.0,60.5,63.8,17.7,78.3,9868177.0,5.7,30.3,6213048.0,2180874.0,623.4,4383.5,8486.9,12064.4,30165.0,4788.1,37243.25,0.775,1,62.5,35.0,0.7726692209450831,4800630.957854406,47.5,228029970.49808428,145459118.0229885,0.6378947368421053,15777.12349495902,3520077.123494959,123202699.32232356,104827271.17576072,22256418.700664937
RO,F,2021,3201.4,4.0,58.2,62.2,16.4,76.6,9814072.0,5.1,27.2,6131848.0,2210450.0,679.8,4734.1,9495.0,13232.4,32220.4,4995.7,42196.25,0.875,1,62.5,35.0,0.7597911227154048,4658923.6762402095,47.5,221298874.62140995,126722723.99373369,0.5726315789473684,17617.908439407376,3219017.9084394076,112665626.79537927,108633247.82603069,14057097.198354423
RO,F,2022,3282.1,3.8,59.3,64.7,18.1,79.2,9802984.0,5.1,28.4,6075586.0,2225610.0,725.0,4999.3,10108.7,13920.9,37654.4,5161.4,44595.5,0.9,0,62.5,35.0,0.7487373737373737,4549018.305555555,47.5,216078369.51388887,129192119.87777776,0.5978947368421053,18939.079817036087,3301039.079817036,115536367.79359627,100542001.7202926,13655752.084181488
RO,F,2023,3252.9,3.8,58.9,65.8,19.1,80.4,9808880.0,5.1,28.6,6048669.0,2258727.0,,,,15277.8,41381.7,5147.9,39409.0,0.8,0,62.5,35.0,0.7325870646766168,4431176.667910447,47.5,210480891.72574624,126731652.7022388,0.6021052631578948,16837.661535430485,3269737.6615354307,114440818.15374008,96040073.57200617,12290834.54849872
RO,F,2024,3329.5,7.1,65.9,65.9,19.1,80.3,9796206.0,5.1,29.2,6024894.0,2296720.0,,,,18319.5,48118.0,5260.4,35454.5,0.725,0,62.5,35.0,0.8206724782067248,4944464.689912828,47.5,234862072.7708593,144378368.94545457,0.6147368421052631,15189.571865148298,3344689.5718651484,117064135.01528019,117797937.75557911,27314233.93017438
RO,M,2011,4555.1,5.5,57.4,56.9,14.5,70.8,9832949.0,9.5,34.6,6878944.0,1311456.0,212.5,650.3,4682.3,5369.1,17087.9,4502.6,25439.5,0.6499999999999999,0,65.0,35.0,0.8107344632768362,5576996.971751412,50.0,278849848.5875706,192964095.22259888,0.6920000000000001,14236.68117820505,4569336.681178205,159926783.84123716,118923064.74633345,33037311.381361723
RO,M,2012,4621.8,5.7,57.6,56.9,14.4,70.9,9777107.0,9.2,35.2,6837640.0,1303962.0,637.0,1874.6,6182.5,5125.5,16464.0,4815.4,24552.75,0.6,0,65.0,35.0,0.8124118476727785,5554979.746121298,50.0,277748987.3060649,195535287.06346968,0.7040000000000001,13802.41071689209,4635602.410716892,162246084.37509122,115502902.93097368,33289202.688378453
RO,M,2013,4620.8,5.9,58.8,57.6,14.7,71.6,9761480.0,9.5,35.5,6839060.0,1310147.0,2946.2,2518.1,6371.6,5789.0,16567.5,4118.0,30343.5,0.725,0,65.0,35.0,0.8212290502793297,5616434.748603352,50.0,280821737.4301676,199383433.575419,0.71,17143.04427245718,4637943.044272457,162328006.549536,118493730.88063163,37055427.02588302
RO,M,2014,4677.0,6.0,58.9,57.3,14.7,71.3,9746052.0,9.1,35.7,6830290.0,1325520.0,2700.8,2775.5,5924.2,6036.5,17154.0,5988.7,38141.25,0.9,0,65.0,35.0,0.8260869565217391,5642413.478260869,50.0,282120673.91304344,201434161.17391303,0.7140000000000001,21611.35726227542,4698611.357262275,164451397.50417963,117669276.40886381,36982763.669733405
RO,M,2015,4704.2,6.3,59.0,57.2,14.5,71.4,9707074.0,9.1,36.0,6764460.0,1359552.0,1905.4,2987.1,6135.8,6736.2,18351.5,4371.6,49341.0,1.125,0,65.0,35.0,0.8263305322128851,5589679.831932773,50.0,279483991.5966386,201228473.94957983,0.72,28186.468669548747,4732386.468669549,165633526.40343422,113850465.1932044,35594947.54614562
RO,M,2016,4667.5,6.2,59.8,57.4,14.7,71.7,9649733.0,7.9,35.6,6688821.0,1384614.0,781.8,2739.2,7670.4,6847.8,19584.2,3162.7,59147.0,1.3,0,65.0,35.0,0.8340306834030683,5578681.949790794,50.0,278934097.48953974,198601077.4125523,0.7120000000000001,33806.66689117204,4701306.666891172,164545733.341191,114388364.14834875,34055344.0713613
RO,M,2017,4743.7,5.9,59.1,57.4,14.7,71.6,9602080.0,6.8,36.3,6621117.0,1409096.0,461.0,3563.2,7887.2,8121.4,21869.2,4224.4,59349.75,1.225,0,65.0,35.0,0.8254189944134079,5465195.736033521,50.0,273259786.80167603,198386605.21801677,0.726,33663.83789398794,4777363.837893988,167207734.3262896,106052052.47538644,31178870.89172718
RO,M,2018,4791.6,6.3,59.2,57.3,14.7,71.7,9554867.0,5.8,36.6,6549474.0,1433403.0,386.5,5813.4,8532.2,9511.0,23837.4,4390.1,59951.5,1.25,0,65.0,35.0,0.8256624825662483,5407654.962343097,50.0,270382748.11715484,197920171.62175736,0.732,34272.30516118257,4825872.305161183,168905530.68064138,101477217.43651345,29014640.941115975
RO,M,2019,4825.6,6.7,59.9,57.5,14.9,71.9,9500450.0,5.3,37.0,6485874.0,1452708.0,472.8,5326.2,8115.0,11171.0,26436.1,4747.6,53066.5,1.1,0,65.0,35.0,0.8331015299026425,5403391.552155771,50.0,270169577.60778856,199925487.42976353,0.74,30456.79686961072,4856056.79686961,169961987.89043635,100207589.71735221,29963499.539327174
RO,M,2020,4767.9,5.7,59.3,55.9,13.4,70.4,9460661.0,6.3,37.0,6422649.0,1480889.0,623.4,4383.5,8486.9,12064.4,30165.0,4788.1,37243.25,0.775,1,65.0,35.0,0.8423295454545453,5409987.01278409,50.0,270499350.6392045,200169519.4730113,0.74,21466.12650504098,4789366.126505041,167627814.4276764,102871536.2115281,32541705.045334905
RO,M,2021,4466.2,4.0,57.3,54.8,12.5,69.2,9387590.0,6.0,34.7,6337875.0,1494546.0,679.8,4734.1,9495.0,13232.4,32220.4,4995.7,42196.25,0.875,1,65.0,35.0,0.8280346820809248,5247980.310693641,50.0,262399015.53468207,182104916.78106937,0.6940000000000001,24578.341560592624,4490778.341560593,157177241.95462075,105221773.58006132,24927674.82644862
RO,M,2022,4446.2,4.0,58.7,56.9,14.0,71.3,9240114.0,6.0,35.4,6171480.0,1480674.0,725.0,4999.3,10108.7,13920.9,37654.4,5161.4,44595.5,0.9,0,65.0,35.0,0.8232819074333801,5080867.826086957,50.0,254043391.30434784,179862721.04347828,0.708,25656.420182963913,4471856.420182964,156514974.70640373,97528416.59794411,23347746.337074548
RO,M,2023,4360.6,4.3,59.4,58.2,15.0,72.6,9246348.0,5.9,35.9,6162889.0,1496600.0,,,,15277.8,41381.7,5147.9,39409.0,0.8,0,65.0,35.0,0.8181818181818182,5042363.7272727275,50.0,252118186.36363637,181020857.8090909,0.718,22571.338464569515,4383171.338464569,153410996.84625992,98707189.51737645,27609860.96283099
RO,M,2024,4442.0,6.8,64.0,58.4,15.1,72.8,9271370.0,5.7,36.0,6192512.0,1520311.0,,,,18319.5,48118.0,5260.4,35454.5,0.725,0,65.0,35.0,0.8791208791208791,5443966.593406593,50.0,272198329.6703297,195982797.36263737,0.72,20264.928134851703,4462264.928134852,156179272.4847198,116019057.18560988,39803524.87791756
